time,charge,power,odometer,weight,temperature,doors,start_date,start_time
0.0,0.0,0.0,,,,,Jun 17 2019,21:06:15
1.0,0.0,0.0,,,,,Jun 17 2019,21:06:15
2.0,0.0,0.0,,,,,Jun 17 2019,21:06:15
3.0,0.0,0.0,,,21.375,0.0,Jun 17 2019,21:06:15
4.0,0.0,0.0,,13430.0,21.375,0.0,Jun 17 2019,21:06:15
5.0,0.0,0.0,,13430.0,21.375,0.0,Jun 17 2019,21:06:15
6.0,0.0,0.0,,13430.0,21.375,0.0,Jun 17 2019,21:06:15
7.0,0.0,0.0,,13430.0,21.375,0.0,Jun 17 2019,21:06:15
8.0,0.0,0.0,,13420.0,21.375,0.0,Jun 17 2019,21:06:15
9.0,0.0,0.0,,13420.0,21.375,0.0,Jun 17 2019,21:06:15
10.0,0.0,0.0,,13420.0,21.375,0.0,Jun 17 2019,21:06:15
11.0,0.0,0.0,,13420.0,21.375,0.0,Jun 17 2019,21:06:15
12.0,0.0,0.0,,13420.0,21.375,0.0,Jun 17 2019,21:06:15
13.0,0.0,0.0,,13420.0,21.375,0.0,Jun 17 2019,21:06:15
14.0,0.0,0.0,,13420.0,21.375,0.0,Jun 17 2019,21:06:15
15.0,0.0,0.0,,13420.0,21.375,0.0,Jun 17 2019,21:06:15
16.0,0.0,0.0,,13420.0,21.375,0.0,Jun 17 2019,21:06:15
17.0,0.0,0.0,,,21.375,0.0,Jun 17 2019,21:06:15
18.0,0.0,0.0,,,21.375,0.0,Jun 17 2019,21:06:15
19.0,0.0,0.0,,,21.375,0.0,Jun 17 2019,21:06:15
20.0,0.0,0.0,,,21.375,0.0,Jun 17 2019,21:06:15
21.0,0.0,0.0,,,21.375,0.0,Jun 17 2019,21:06:15
22.0,0.0,0.0,,,21.375,0.0,Jun 17 2019,21:06:15
23.0,0.0,0.0,,,21.375,0.0,Jun 17 2019,21:06:15
24.0,0.0,0.0,,,21.375,0.0,Jun 17 2019,21:06:15
25.0,0.0,0.0,,,21.375,0.0,Jun 17 2019,21:06:15
26.0,0.0,0.0,,,21.375,0.0,Jun 17 2019,21:06:15
27.0,0.0,0.0,,13420.0,21.375,0.0,Jun 17 2019,21:06:15
28.0,0.0,0.0,,13430.0,21.375,0.0,Jun 17 2019,21:06:15
29.0,0.0,0.0,,13430.0,21.375,0.0,Jun 17 2019,21:06:15
30.0,0.0,-8.881784197001252e-15,,13430.0,21.375,0.0,Jun 17 2019,21:06:15
31.0,0.0,-1.549999999999942,,13430.0,21.375,0.0,Jun 17 2019,21:06:15
32.0,0.0,-6.0,,13430.0,21.375,0.0,Jun 17 2019,21:06:15
33.0,0.0,-6.0499999999999545,,13430.0,21.375,0.0,Jun 17 2019,21:06:15
34.0,0.0,-6.25,,13430.0,21.375,0.0,Jun 17 2019,21:06:15
35.0,0.0,-6.2999999999999545,,13470.0,21.375,0.0,Jun 17 2019,21:06:15
36.0,0.0,-6.199999999999818,,13520.0,21.375,0.0,Jun 17 2019,21:06:15
37.0,0.0,-6.149999999999864,,13550.0,21.375,0.0,Jun 17 2019,21:06:15
38.0,0.0,-6.099999999999909,,13560.0,21.375,0.0,Jun 17 2019,21:06:15
39.0,0.0,-5.849999999999909,,13570.0,21.375,1.0,Jun 17 2019,21:06:15
40.0,0.0,-5.949999999999818,,13570.0,21.375,1.0,Jun 17 2019,21:06:15
41.0,0.0,-5.899999999999864,,13570.0,21.375,1.0,Jun 17 2019,21:06:15
42.0,0.0,-5.849999999999909,,13570.0,21.375,2.0,Jun 17 2019,21:06:15
43.0,0.0,-5.699999999999818,,13580.0,21.375,2.0,Jun 17 2019,21:06:15
44.0,0.0,-5.699999999999818,,13580.0,21.375,2.0,Jun 17 2019,21:06:15
45.0,0.0,-5.699999999999818,,13580.0,21.375,2.0,Jun 17 2019,21:06:15
46.0,0.0,-5.649999999999864,,13580.0,21.375,2.0,Jun 17 2019,21:06:15
47.0,0.0,-5.849999999999909,,13580.0,21.375,2.0,Jun 17 2019,21:06:15
48.0,0.0,-5.899999999999864,,13580.0,21.375,2.0,Jun 17 2019,21:06:15
49.0,0.0,-6.699999999999818,,13580.0,21.375,2.0,Jun 17 2019,21:06:15
50.0,0.0,-6.599999999999909,,13580.0,21.375,2.0,Jun 17 2019,21:06:15
51.0,0.0,-6.349999999999909,,13580.0,21.375,2.0,Jun 17 2019,21:06:15
52.0,0.0,-6.199999999999818,,13580.0,21.375,2.0,Jun 17 2019,21:06:15
53.0,0.0,-5.949999999999818,,13580.0,21.375,2.0,Jun 17 2019,21:06:15
54.0,0.0,-5.75,,13580.0,21.375,2.0,Jun 17 2019,21:06:15
55.0,0.0,-6.199999999999818,,13580.0,21.375,2.0,Jun 17 2019,21:06:15
56.0,0.0,-6.149999999999864,,13580.0,21.375,2.0,Jun 17 2019,21:06:15
57.0,0.0,-6.25,,13590.0,21.375,2.0,Jun 17 2019,21:06:15
58.0,0.0,-5.899999999999864,,13590.0,21.375,2.0,Jun 17 2019,21:06:15
59.0,0.0,-5.949999999999818,,13590.0,21.375,2.0,Jun 17 2019,21:06:15
60.0,0.0,-5.750000000000005,,13590.0,21.375,2.0,Jun 17 2019,21:06:15
61.0,0.0,-5.8499999999999055,,13590.0,21.375,2.0,Jun 17 2019,21:06:15
62.0,0.0,-5.750000000000002,,13590.0,21.375,2.0,Jun 17 2019,21:06:15
63.0,0.0,-9.849999999999788,,13590.0,21.375,2.0,Jun 17 2019,21:06:15
64.0,0.0,-16.299999999999955,,13590.0,21.375,2.0,Jun 17 2019,21:06:15
65.0,0.0,-25.25,14321.000745442709,13590.0,21.375,2.0,Jun 17 2019,21:06:15
66.0,0.0,-30.799999999999955,14321.002286241319,13560.0,21.375,2.0,Jun 17 2019,21:06:15
67.0,0.0,-31.549999999999955,14321.004431423611,13530.0,21.375,2.0,Jun 17 2019,21:06:15
68.0,0.0,-32.899999999999864,14321.007056206598,13560.0,21.375,2.0,Jun 17 2019,21:06:15
69.0,0.0,-40.649999999999864,14321.010286458333,13550.0,21.375,2.0,Jun 17 2019,21:06:15
70.0,0.0,-46.149999999999864,14321.01410264757,13550.0,21.375,2.0,Jun 17 2019,21:06:15
71.0,0.0,-33.59999999999991,14321.018385416666,13600.0,21.375,2.0,Jun 17 2019,21:06:15
72.0,0.0,-6.899999999999864,14321.022966579862,13660.0,21.375,2.0,Jun 17 2019,21:06:15
73.0,0.0,-6.699999999999818,14321.027543402777,13670.0,21.375,2.0,Jun 17 2019,21:06:15
74.0,0.0,-6.7999999999999545,14321.032047526041,13640.0,21.375,2.0,Jun 17 2019,21:06:15
75.0,0.0,-9.399999999999864,14321.036498480902,13620.0,21.375,2.0,Jun 17 2019,21:06:15
76.0,0.0,-6.7999999999999545,14321.040914713541,13610.0,21.375,2.0,Jun 17 2019,21:06:15
77.0,0.0,-12.299999999999955,14321.045261501737,13600.0,21.375,2.0,Jun 17 2019,21:06:15
78.0,0.0,-20.299999999999955,14321.04962890625,13590.0,21.375,2.0,Jun 17 2019,21:06:15
79.0,0.0,-35.5,14321.054126519097,13580.0,21.375,2.0,Jun 17 2019,21:06:15
80.0,0.0,-29.449999999999818,14321.058860677083,13550.0,21.375,2.0,Jun 17 2019,21:06:15
81.0,0.0,-9.799999999999955,14321.063699001736,13520.0,21.375,2.0,Jun 17 2019,21:06:15
82.0,0.0,-7.0499999999999545,14321.068449435765,13530.0,21.375,2.0,Jun 17 2019,21:06:15
83.0,0.0,-7.149999999999864,14321.073082682291,13600.0,21.375,2.0,Jun 17 2019,21:06:15
84.0,0.0,-10.199999999999818,14321.077565104166,13700.0,21.375,2.0,Jun 17 2019,21:06:15
85.0,0.0,-17.049999999999955,14321.081935763888,13770.0,21.375,2.0,Jun 17 2019,21:06:15
86.0,0.0,-30.59999999999991,14321.086371527777,13840.0,21.375,2.0,Jun 17 2019,21:06:15
87.0,0.0,-23.199999999999818,14321.090893012153,13850.0,21.375,2.0,Jun 17 2019,21:06:15
88.0,0.0,-33.5,14321.095551215278,13840.0,21.375,2.0,Jun 17 2019,21:06:15
89.0,0.0,-38.69999999999982,14321.100417751735,13800.0,21.375,2.0,Jun 17 2019,21:06:15
90.0,0.0,-41.59999999999991,14321.105515407986,13730.0,21.375,2.0,Jun 17 2019,21:06:15
91.0,0.0,-40.899999999999864,14321.110860460069,13720.0,21.375,2.0,Jun 17 2019,21:06:15
92.0,0.0,-52.69999999999982,14321.11648654514,13730.0,21.375,2.0,Jun 17 2019,21:06:15
93.0,0.0,-50.649999999999864,14321.122622612847,13660.0,21.375,2.0,Jun 17 2019,21:06:15
94.0,0.0,-57.75,14321.12904188368,13680.0,21.375,2.0,Jun 17 2019,21:06:15
95.0,0.0,-53.19999999999982,14321.135864800348,13640.0,21.375,2.0,Jun 17 2019,21:06:15
96.0,0.0,-42.399999999999864,14321.143082682293,13560.0,21.375,2.0,Jun 17 2019,21:06:15
97.0,0.0,-23.549999999999955,14321.150545789931,13500.0,21.375,2.0,Jun 17 2019,21:06:15
98.0,0.0,-12.049999999999955,14321.158132595487,13480.0,21.375,2.0,Jun 17 2019,21:06:15
99.0,0.0,-24.399999999999864,14321.165823567708,13530.0,21.375,2.0,Jun 17 2019,21:06:15
100.0,0.0,-23.75,14321.173641493055,13610.0,21.375,2.0,Jun 17 2019,21:06:15
101.0,0.0,-20.0,14321.181604817708,13700.0,21.375,2.0,Jun 17 2019,21:06:15
102.0,0.0,-17.09999999999991,14321.189622395834,13750.0,21.375,2.0,Jun 17 2019,21:06:15
103.0,0.0,-16.449999999999818,14321.197700737846,13740.0,21.375,2.0,Jun 17 2019,21:06:15
104.0,0.0,-7.5,14321.20578233507,13710.0,21.375,2.0,Jun 17 2019,21:06:15
105.0,0.0,-7.5499999999999545,14321.213795572916,13670.0,21.375,2.0,Jun 17 2019,21:06:15
106.0,0.0,-7.5499999999999545,14321.221676432291,13610.0,21.375,2.0,Jun 17 2019,21:06:15
107.0,0.0,-7.599999999999909,14321.22943467882,13560.0,21.375,2.0,Jun 17 2019,21:06:15
108.0,0.0,-7.5499999999999545,14321.237046440972,13520.0,21.375,2.0,Jun 17 2019,21:06:15
109.0,0.0,-7.5499999999999545,14321.24456922743,13460.0,21.375,2.0,Jun 17 2019,21:06:15
110.0,0.0,-7.75,14321.252061631945,13430.0,21.375,2.0,Jun 17 2019,21:06:15
111.0,0.0,-7.649999999999864,14321.259504123263,13410.0,21.375,2.0,Jun 17 2019,21:06:15
112.0,0.0,-7.649999999999864,14321.266886935764,13390.0,21.375,2.0,Jun 17 2019,21:06:15
113.0,0.0,-7.599999999999909,14321.27416015625,13380.0,21.375,2.0,Jun 17 2019,21:06:15
114.0,0.0,-7.5,14321.281331380209,13380.0,21.375,2.0,Jun 17 2019,21:06:15
115.0,0.0,-7.399999999999881,14321.288452690973,13370.0,21.375,2.0,Jun 17 2019,21:06:15
116.0,0.0,-6.849999999999916,14321.29552625868,13390.0,21.375,2.0,Jun 17 2019,21:06:15
117.0,0.0,-6.799999999999965,14321.302593315972,13390.0,21.375,2.0,Jun 17 2019,21:06:15
118.0,0.0,-5.199999999999829,14321.309640842013,13380.0,21.375,2.0,Jun 17 2019,21:06:15
119.0,0.0,-3.5000000000000107,14321.316690538195,13350.0,21.375,2.0,Jun 17 2019,21:06:15
120.0,0.0,-3.599999999999909,14321.323755425346,13340.0,21.375,2.0,Jun 17 2019,21:06:15
121.0,0.0,-3.4499999999998288,14321.330850694445,13330.0,21.375,2.0,Jun 17 2019,21:06:15
122.0,0.0,-3.5999999999999055,14321.337969835069,13340.0,21.375,2.0,Jun 17 2019,21:06:15
123.0,0.0,-3.599999999999902,14321.345088975695,13350.0,21.375,2.0,Jun 17 2019,21:06:15
124.0,0.0,-3.2999999999995033,14321.35218532986,13360.0,21.375,2.0,Jun 17 2019,21:06:15
125.0,0.0,-3.4499999999998074,14321.359249131945,13360.0,21.375,2.0,Jun 17 2019,21:06:15
126.0,0.0,7.649999999999867,14321.366239149305,13370.0,21.375,2.0,Jun 17 2019,21:06:15
127.0,0.0,10.649999999999931,14321.373072916667,13380.0,21.375,2.0,Jun 17 2019,21:06:15
128.0,0.0,19.050000000000182,14321.379652777778,13390.0,21.375,2.0,Jun 17 2019,21:06:15
129.0,0.0,25.0,14321.385866970486,13390.0,21.375,2.0,Jun 17 2019,21:06:15
130.0,0.0,38.25,14321.391598307291,13410.0,21.375,2.0,Jun 17 2019,21:06:15
131.0,0.0,41.600000000000136,14321.396651475694,13440.0,21.375,2.0,Jun 17 2019,21:06:15
132.0,0.0,35.200000000000045,14321.400868055556,13440.0,21.375,2.0,Jun 17 2019,21:06:15
133.0,0.0,1.8500000000001364,14321.404343532986,13430.0,21.375,2.0,Jun 17 2019,21:06:15
134.0,0.0,0.0500000000001819,14321.407606336805,13410.0,21.375,2.0,Jun 17 2019,21:06:15
135.0,0.0,5.7000000000000455,14321.410694444445,13400.0,21.375,2.0,Jun 17 2019,21:06:15
136.0,0.0,0.0500000000001819,14321.413371310764,13410.0,21.375,2.0,Jun 17 2019,21:06:15
137.0,0.0,-3.5499999999999545,14321.4158984375,13430.0,21.375,2.0,Jun 17 2019,21:06:15
138.0,0.0,-4.949999999999818,14321.418372395834,13450.0,21.375,2.0,Jun 17 2019,21:06:15
139.0,0.0,-6.899999999999864,14321.420814887153,13450.0,21.375,2.0,Jun 17 2019,21:06:15
140.0,0.0,-17.049999999999955,14321.423138020833,13430.0,21.375,2.0,Jun 17 2019,21:06:15
141.0,0.0,-29.299999999999955,14321.425498046876,13430.0,21.375,2.0,Jun 17 2019,21:06:15
142.0,0.0,-25.34999999999991,14321.428149956597,13430.0,21.375,2.0,Jun 17 2019,21:06:15
143.0,0.0,-21.449999999999818,14321.431214192708,13430.0,21.375,2.0,Jun 17 2019,21:06:15
144.0,0.0,-32.84999999999991,14321.43476779514,13430.0,21.375,2.0,Jun 17 2019,21:06:15
145.0,0.0,-26.25,14321.438687065973,13460.0,21.375,2.0,Jun 17 2019,21:06:15
146.0,0.0,-19.399999999999864,14321.442914496527,13540.0,21.375,2.0,Jun 17 2019,21:06:15
147.0,0.0,-11.599999999999909,14321.447269965278,13620.0,21.375,2.0,Jun 17 2019,21:06:15
148.0,0.0,-5.2999999999999545,14321.451623263889,13640.0,21.375,2.0,Jun 17 2019,21:06:15
149.0,0.0,-8.649999999999864,14321.455959201388,13600.0,21.375,2.0,Jun 17 2019,21:06:15
150.0,0.0,-9.849999999999909,14321.460346137153,13600.0,21.375,2.0,Jun 17 2019,21:06:15
151.0,0.0,-14.149999999999864,14321.46482204861,13600.0,21.375,2.0,Jun 17 2019,21:06:15
152.0,0.0,-11.349999999999909,14321.469333767362,13600.0,21.375,2.0,Jun 17 2019,21:06:15
153.0,0.0,-10.549999999999955,14321.47386501736,13600.0,21.375,2.0,Jun 17 2019,21:06:15
154.0,0.0,-10.349999999999909,14321.478360460069,13600.0,21.375,2.0,Jun 17 2019,21:06:15
155.0,0.0,-10.349999999999909,14321.482887369792,13600.0,21.375,2.0,Jun 17 2019,21:06:15
156.0,0.0,-9.549999999999955,14321.487424045139,13600.0,21.375,2.0,Jun 17 2019,21:06:15
157.0,0.0,-10.199999999999818,14321.49193467882,13600.0,21.375,2.0,Jun 17 2019,21:06:15
158.0,0.0,-12.299999999999955,14321.496459418402,13600.0,21.375,2.0,Jun 17 2019,21:06:15
159.0,0.0,-10.599999999999909,14321.501055772569,13600.0,21.375,2.0,Jun 17 2019,21:06:15
160.0,0.0,-6.75,14321.505698784722,13600.0,21.375,2.0,Jun 17 2019,21:06:15
161.0,0.0,-4.0499999999999545,14321.510337456597,13600.0,21.375,2.0,Jun 17 2019,21:06:15
162.0,0.0,-3.1499999999998636,14321.514956597222,13600.0,21.375,2.0,Jun 17 2019,21:06:15
163.0,0.0,-3.0499999999999545,14321.519481336805,13600.0,21.375,2.0,Jun 17 2019,21:06:15
164.0,0.0,-3.0,14321.523889973958,13600.0,21.375,2.0,Jun 17 2019,21:06:15
165.0,0.0,-3.099999999999909,14321.528229166666,13600.0,21.375,2.0,Jun 17 2019,21:06:15
166.0,0.0,-3.0,14321.53244140625,13600.0,21.375,2.0,Jun 17 2019,21:06:15
167.0,0.0,-3.1499999999998636,14321.536578776042,13600.0,21.375,2.0,Jun 17 2019,21:06:15
168.0,0.0,-3.1499999999998636,14321.540618489584,13600.0,21.375,2.0,Jun 17 2019,21:06:15
169.0,0.0,-2.949999999999818,14321.544560546876,13600.0,21.375,2.0,Jun 17 2019,21:06:15
170.0,0.0,0.25,14321.548246527778,13600.0,21.375,2.0,Jun 17 2019,21:06:15
171.0,0.0,4.4500000000000455,14321.55166124132,13600.0,21.375,2.0,Jun 17 2019,21:06:15
172.0,0.0,-0.09999999999990905,14321.554870876736,13600.0,21.375,2.0,Jun 17 2019,21:06:15
173.0,0.0,6.850000000000136,14321.55784939236,13600.0,21.375,2.0,Jun 17 2019,21:06:15
174.0,0.0,2.0,14321.560434027779,13600.0,21.375,2.0,Jun 17 2019,21:06:15
175.0,0.0,-3.75,14321.56267795139,13600.0,21.375,2.0,Jun 17 2019,21:06:15
176.0,0.0,-4.0,14321.56488172743,13600.0,21.375,2.0,Jun 17 2019,21:06:15
177.0,0.0,-7.599999999999909,14321.567055121528,13600.0,21.375,2.0,Jun 17 2019,21:06:15
178.0,0.0,-18.149999999999864,14321.56919921875,13600.0,21.375,2.0,Jun 17 2019,21:06:15
179.0,0.0,-31.549999999999955,14321.571690538194,13600.0,21.375,2.0,Jun 17 2019,21:06:15
180.0,0.0,-33.75,14321.574635416666,13600.0,21.375,2.0,Jun 17 2019,21:06:15
181.0,0.0,-31.59999999999991,14321.57795030382,13600.0,21.375,2.0,Jun 17 2019,21:06:15
182.0,0.0,-30.299999999999955,14321.581557074653,13600.0,21.375,2.0,Jun 17 2019,21:06:15
183.0,0.0,-10.75,14321.585325520833,13600.0,21.375,2.0,Jun 17 2019,21:06:15
184.0,0.0,-21.75,14321.589066840277,13600.0,21.375,2.0,Jun 17 2019,21:06:15
185.0,0.0,-6.199999999999818,14321.592756076388,13600.0,21.375,2.0,Jun 17 2019,21:06:15
186.0,0.0,-23.0,14321.596457248264,13600.0,21.375,2.0,Jun 17 2019,21:06:15
187.0,0.0,-28.149999999999864,14321.60031032986,13600.0,21.375,2.0,Jun 17 2019,21:06:15
188.0,0.0,-33.5,14321.604420572916,13600.0,21.375,2.0,Jun 17 2019,21:06:15
189.0,0.0,-21.149999999999864,14321.608744574653,13600.0,21.375,2.0,Jun 17 2019,21:06:15
190.0,0.0,-20.149999999999864,14321.613160807292,13600.0,21.375,2.0,Jun 17 2019,21:06:15
191.0,0.0,-20.199999999999818,14321.617610677084,13600.0,21.375,2.0,Jun 17 2019,21:06:15
192.0,0.0,-26.25,14321.622151692709,13600.0,21.375,2.0,Jun 17 2019,21:06:15
193.0,0.0,-26.799999999999955,14321.62681640625,13600.0,21.375,2.0,Jun 17 2019,21:06:15
194.0,0.0,-26.299999999999955,14321.631576605903,13600.0,21.375,2.0,Jun 17 2019,21:06:15
195.0,0.0,-27.75,14321.636456163194,13600.0,21.375,2.0,Jun 17 2019,21:06:15
196.0,0.0,-31.299999999999955,14321.641484375,13600.0,21.375,2.0,Jun 17 2019,21:06:15
197.0,0.0,-24.449999999999818,14321.646552734375,13590.0,21.375,2.0,Jun 17 2019,21:06:15
198.0,0.0,-7.449999999999818,14321.651549479167,13440.0,21.375,2.0,Jun 17 2019,21:06:15
199.0,0.0,-22.449999999999818,14321.656498480903,13320.0,21.375,2.0,Jun 17 2019,21:06:15
200.0,0.0,-8.549999999999955,14321.661442057291,13240.0,21.375,2.0,Jun 17 2019,21:06:15
201.0,0.0,-14.349999999999909,14321.666245659722,13180.0,21.375,2.0,Jun 17 2019,21:06:15
202.0,0.0,-17.649999999999864,14321.671019965277,13140.0,21.375,2.0,Jun 17 2019,21:06:15
203.0,0.0,-27.949999999999818,14321.675808376736,13140.0,21.375,2.0,Jun 17 2019,21:06:15
204.0,0.0,-29.949999999999818,14321.680769314236,13170.0,21.375,2.0,Jun 17 2019,21:06:15
205.0,0.0,-31.84999999999991,14321.686077473958,13240.0,21.375,2.0,Jun 17 2019,21:06:15
206.0,0.0,-32.69999999999982,14321.691668836806,13240.0,21.375,2.0,Jun 17 2019,21:06:15
207.0,0.0,-30.049999999999955,14321.697384982639,13240.0,21.375,2.0,Jun 17 2019,21:06:15
208.0,0.0,-27.5,14321.703256293404,13240.0,21.375,2.0,Jun 17 2019,21:06:15
209.0,0.0,-29.34999999999991,14321.70925672743,13240.0,21.375,2.0,Jun 17 2019,21:06:15
210.0,0.0,-26.75,14321.715385199654,13240.0,21.375,2.0,Jun 17 2019,21:06:15
211.0,0.0,-16.84999999999991,14321.721598307291,13240.0,21.375,2.0,Jun 17 2019,21:06:15
212.0,0.0,-9.099999999999909,14321.727843967014,13240.0,21.375,2.0,Jun 17 2019,21:06:15
213.0,0.0,-4.199999999999818,14321.73408420139,13240.0,21.375,2.0,Jun 17 2019,21:06:15
214.0,0.0,-3.349999999999909,14321.740245225694,13240.0,21.375,2.0,Jun 17 2019,21:06:15
215.0,0.0,-6.0499999999999545,14321.746297743055,13240.0,21.375,2.0,Jun 17 2019,21:06:15
216.0,0.0,-6.949999999999818,14321.75228732639,13240.0,21.375,2.0,Jun 17 2019,21:06:15
217.0,0.0,-3.349999999999909,14321.758197699653,13240.0,21.375,2.0,Jun 17 2019,21:06:15
218.0,0.0,-5.5499999999999545,14321.763980034722,13240.0,21.375,2.0,Jun 17 2019,21:06:15
219.0,0.0,-3.1499999999998636,14321.769664713542,13240.0,21.375,2.0,Jun 17 2019,21:06:15
220.0,0.0,-3.7999999999999545,14321.775201822917,13240.0,21.375,2.0,Jun 17 2019,21:06:15
221.0,0.0,-4.0499999999999545,14321.780666232638,13240.0,21.375,2.0,Jun 17 2019,21:06:15
222.0,0.0,-3.199999999999818,14321.78607638889,13240.0,21.375,2.0,Jun 17 2019,21:06:15
223.0,0.0,-6.5,14321.791397569445,13240.0,21.375,2.0,Jun 17 2019,21:06:15
224.0,0.0,-14.949999999999818,14321.79666124132,13240.0,21.375,2.0,Jun 17 2019,21:06:15
225.0,0.0,-6.399999999999864,14321.80181532118,13240.0,21.375,2.0,Jun 17 2019,21:06:15
226.0,0.0,-20.649999999999864,14321.806917317708,13240.0,21.375,2.0,Jun 17 2019,21:06:15
227.0,0.0,-22.899999999999864,14321.812109375,13240.0,21.375,2.0,Jun 17 2019,21:06:15
228.0,0.0,-5.699999999999818,14321.817279730903,13220.0,21.375,2.0,Jun 17 2019,21:06:15
229.0,0.0,-3.099999999999902,14321.822319878473,13200.0,21.375,2.0,Jun 17 2019,21:06:15
230.0,0.0,-13.14999999999958,14321.827275390626,13180.0,21.375,2.0,Jun 17 2019,21:06:15
231.0,0.0,-5.700000000000642,14321.83222764757,13150.0,21.375,2.0,Jun 17 2019,21:06:15
232.0,0.0,-3.099999999999909,14321.837057291666,13150.0,21.375,2.0,Jun 17 2019,21:06:15
233.0,0.0,-2.949999999999818,14321.841806640625,13160.0,21.375,2.0,Jun 17 2019,21:06:15
234.0,0.0,-3.0499999999999616,14321.846491970486,13170.0,21.375,2.0,Jun 17 2019,21:06:15
235.0,0.0,-0.4499999999998394,14321.851103515624,13209.999999999998,21.375,2.0,Jun 17 2019,21:06:15
236.0,0.0,5.149999999999572,14321.855533854166,13240.0,21.375,2.0,Jun 17 2019,21:06:15
237.0,0.0,14.199999999999783,14321.859623480903,13279.999999999998,21.375,2.0,Jun 17 2019,21:06:15
238.0,0.0,21.6000000000003,14321.86316297743,13300.0,21.375,2.0,Jun 17 2019,21:06:15
239.0,0.0,16.800000000000367,14321.866037326388,13270.0,21.375,2.0,Jun 17 2019,21:06:15
240.0,0.0,11.600000000000271,14321.868289930555,13240.0,21.375,2.0,Jun 17 2019,21:06:15
241.0,0.0,3.000000000000277,14321.869955512153,13220.0,21.375,2.0,Jun 17 2019,21:06:15
242.0,0.0,1.0500000000002174,14321.871273871528,13220.0,21.375,2.0,Jun 17 2019,21:06:15
243.0,0.0,-2.4499999999998394,14321.872316623263,13240.0,21.375,2.0,Jun 17 2019,21:06:15
244.0,0.0,-2.3999999999998636,14321.873107638889,13260.0,21.375,2.0,Jun 17 2019,21:06:15
245.0,0.0,-2.5,14321.873555772569,13270.0,21.375,2.0,Jun 17 2019,21:06:15
246.0,0.0,-2.5999999999998877,14321.873804253471,13290.0,21.375,2.0,Jun 17 2019,21:06:15
247.0,0.0,-2.399999999999878,14321.873804253471,13300.0,21.375,2.0,Jun 17 2019,21:06:15
248.0,0.0,-2.199999999999804,14321.873804253471,13300.0,21.375,2.0,Jun 17 2019,21:06:15
249.0,0.0,-5.700000000000138,14321.873804253471,13300.0,21.375,2.0,Jun 17 2019,21:06:15
250.0,0.0,-23.64999999999926,14321.87423611111,13310.0,21.375,2.0,Jun 17 2019,21:06:15
251.0,0.0,-41.999999999999275,14321.875789930555,13310.0,21.375,2.0,Jun 17 2019,21:06:15
252.0,0.0,-50.35000000000009,14321.878453776042,13320.0,21.375,2.0,Jun 17 2019,21:06:15
253.0,0.0,-38.19999999999985,14321.881818576388,13320.0,21.375,2.0,Jun 17 2019,21:06:15
254.0,0.0,-21.850000000000158,14321.885530598958,13350.0,21.375,2.0,Jun 17 2019,21:06:15
255.0,0.0,-21.250000000000014,14321.889367404514,13350.0,21.375,2.0,Jun 17 2019,21:06:15
256.0,0.0,-21.299999999999955,14321.893292100694,13330.0,21.375,2.0,Jun 17 2019,21:06:15
257.0,0.0,-30.149999999999864,14321.897348090279,13280.0,21.375,2.0,Jun 17 2019,21:06:15
258.0,0.0,-32.09999999999991,14321.901631944444,13240.0,21.375,2.0,Jun 17 2019,21:06:15
259.0,0.0,-10.299999999999955,14321.906088324653,13180.0,21.375,2.0,Jun 17 2019,21:06:15
260.0,0.0,-12.399999999999864,14321.910500217014,13190.0,21.375,2.0,Jun 17 2019,21:06:15
261.0,0.0,-26.5,14321.91505750868,13270.0,21.375,2.0,Jun 17 2019,21:06:15
262.0,0.0,-17.699999999999818,14321.919924045138,13350.0,21.375,2.0,Jun 17 2019,21:06:15
263.0,0.0,-17.0,14321.925056423612,13410.0,21.375,2.0,Jun 17 2019,21:06:15
264.0,0.0,-27.949999999999818,14321.930456814236,13440.0,21.375,2.0,Jun 17 2019,21:06:15
265.0,0.0,-32.5,14321.936102430556,13440.0,21.375,2.0,Jun 17 2019,21:06:15
266.0,0.0,-28.199999999999818,14321.941813151041,13440.0,21.375,2.0,Jun 17 2019,21:06:15
267.0,0.0,-48.69999999999982,14321.947728949654,13440.0,21.375,2.0,Jun 17 2019,21:06:15
268.0,0.0,-53.549999999999955,14321.953943142362,13440.0,21.375,2.0,Jun 17 2019,21:06:15
269.0,0.0,-43.649999999999864,14321.960375434028,13400.0,21.375,2.0,Jun 17 2019,21:06:15
270.0,0.0,-34.09999999999991,14321.96697482639,13330.0,21.375,2.0,Jun 17 2019,21:06:15
271.0,0.0,-34.299999999999955,14321.973776041666,13250.0,21.375,2.0,Jun 17 2019,21:06:15
272.0,0.0,-29.5,14321.980763888889,13190.0,21.375,2.0,Jun 17 2019,21:06:15
273.0,0.0,-24.75,14321.987835286458,13150.0,21.375,2.0,Jun 17 2019,21:06:15
274.0,0.0,-24.799999999999955,14321.99500108507,13080.0,21.375,2.0,Jun 17 2019,21:06:15
275.0,0.0,-19.199999999999818,14322.002329644098,13030.0,21.375,2.0,Jun 17 2019,21:06:15
276.0,0.0,-16.59999999999991,14322.009712456596,13000.0,21.375,2.0,Jun 17 2019,21:06:15
277.0,0.0,-9.349999999999909,14322.01720811632,12980.0,21.375,2.0,Jun 17 2019,21:06:15
278.0,0.0,-3.25,14322.024779730902,12950.0,21.375,2.0,Jun 17 2019,21:06:15
279.0,0.0,-3.2999999999999545,14322.032416449652,12970.0,21.375,2.0,Jun 17 2019,21:06:15
280.0,0.0,-3.2999999999999545,14322.040014105904,12990.0,21.375,2.0,Jun 17 2019,21:06:15
281.0,0.0,-3.25,14322.047633463542,13020.0,21.375,2.0,Jun 17 2019,21:06:15
282.0,0.0,-3.25,14322.055224609376,13060.0,21.375,2.0,Jun 17 2019,21:06:15
283.0,0.0,-3.199999999999818,14322.062777777777,13080.0,21.375,2.0,Jun 17 2019,21:06:15
284.0,0.0,-3.1499999999998636,14322.070317925347,13080.0,21.375,2.0,Jun 17 2019,21:06:15
285.0,0.0,-3.25,14322.077838541667,13080.0,21.375,2.0,Jun 17 2019,21:06:15
286.0,0.0,-3.2999999999999545,14322.085334201389,13080.0,21.375,2.0,Jun 17 2019,21:06:15
287.0,0.0,-3.2999999999999545,14322.092801649305,13080.0,21.375,2.0,Jun 17 2019,21:06:15
288.0,0.0,-3.199999999999818,14322.100238715278,13080.0,21.375,2.0,Jun 17 2019,21:06:15
289.0,0.0,-3.1499999999998636,14322.10761827257,13080.0,21.375,2.0,Jun 17 2019,21:06:15
290.0,0.0,-3.25,14322.114965277779,13080.0,21.375,2.0,Jun 17 2019,21:06:15
291.0,0.0,-3.1499999999998636,14322.122265625,13080.0,21.375,2.0,Jun 17 2019,21:06:15
292.0,0.0,-3.25,14322.129524739583,13080.0,21.375,2.0,Jun 17 2019,21:06:15
293.0,0.0,-3.199999999999818,14322.136705729166,13080.0,21.375,2.0,Jun 17 2019,21:06:15
294.0,0.0,-3.25,14322.143787977431,13080.0,21.375,2.0,Jun 17 2019,21:06:15
295.0,0.0,-3.349999999999909,14322.150749782986,13080.0,21.375,2.0,Jun 17 2019,21:06:15
296.0,0.0,-3.1499999999998636,14322.157582465277,13080.0,21.375,2.0,Jun 17 2019,21:06:15
297.0,0.0,-3.1499999999998636,14322.164296875,13080.0,21.375,2.0,Jun 17 2019,21:06:15
298.0,0.0,22.15000000000009,14322.170758463542,13080.0,21.375,2.0,Jun 17 2019,21:06:15
299.0,0.0,23.90000000000009,14322.176756727431,13080.0,21.375,2.0,Jun 17 2019,21:06:15
300.0,0.0,22.25,14322.182243923611,13080.0,21.375,2.0,Jun 17 2019,21:06:15
301.0,0.0,19.550000000000182,14322.187220052083,13080.0,21.375,2.0,Jun 17 2019,21:06:15
302.0,0.0,16.950000000000045,14322.19171657986,13080.0,21.375,2.0,Jun 17 2019,21:06:15
303.0,0.0,13.900000000000091,14322.195717230903,13080.0,21.375,2.0,Jun 17 2019,21:06:15
304.0,0.0,-2.949999999999818,14322.19937608507,13080.0,21.375,2.0,Jun 17 2019,21:06:15
305.0,0.0,-11.5,14322.202839626736,13080.0,21.375,2.0,Jun 17 2019,21:06:15
306.0,0.0,-33.09999999999991,14322.206228298612,13080.0,21.375,2.0,Jun 17 2019,21:06:15
307.0,0.0,-39.19999999999982,14322.209911024305,13080.0,21.375,2.0,Jun 17 2019,21:06:15
308.0,0.0,-28.049999999999955,14322.213868272569,13080.0,21.375,2.0,Jun 17 2019,21:06:15
309.0,0.0,-7.0499999999999545,14322.218017578125,13080.0,21.375,2.0,Jun 17 2019,21:06:15
310.0,0.0,-2.7999999999999545,14322.22214626736,13080.0,21.375,2.0,Jun 17 2019,21:06:15
311.0,0.0,-3.5,14322.22621202257,13080.0,21.375,2.0,Jun 17 2019,21:06:15
312.0,0.0,-2.7999999999999545,14322.230213758681,13090.0,21.375,2.0,Jun 17 2019,21:06:15
313.0,0.0,-2.949999999999818,14322.234152560764,13110.0,21.375,2.0,Jun 17 2019,21:06:15
314.0,0.0,-2.699999999999818,14322.238072916667,13110.0,21.375,2.0,Jun 17 2019,21:06:15
315.0,0.0,-2.599999999999909,14322.242063802083,13130.0,21.375,2.0,Jun 17 2019,21:06:15
316.0,0.0,-9.299999999999955,14322.246177300347,13270.0,21.375,2.0,Jun 17 2019,21:06:15
317.0,0.0,-24.899999999999864,14322.250401475694,13390.0,21.375,2.0,Jun 17 2019,21:06:15
318.0,0.0,-38.59999999999991,14322.254938151042,13470.0,21.375,2.0,Jun 17 2019,21:06:15
319.0,0.0,-40.799999999999955,14322.25972547743,13460.0,21.375,2.0,Jun 17 2019,21:06:15
320.0,0.0,-9.0,14322.26468858507,13410.0,21.375,2.0,Jun 17 2019,21:06:15
321.0,0.0,-2.949999999999818,14322.2695703125,13310.0,21.375,2.0,Jun 17 2019,21:06:15
322.0,0.0,-2.849999999999909,14322.274383680555,13230.0,21.375,2.0,Jun 17 2019,21:06:15
323.0,0.0,-2.8999999999998636,14322.27911892361,13180.0,21.375,2.0,Jun 17 2019,21:06:15
324.0,0.0,-3.2999999999999545,14322.283777126737,13160.0,21.375,2.0,Jun 17 2019,21:06:15
325.0,0.0,1.650000000000091,14322.288322482638,13150.0,21.375,2.0,Jun 17 2019,21:06:15
326.0,0.0,10.350000000000136,14322.292659505209,13160.0,21.375,2.0,Jun 17 2019,21:06:15
327.0,0.0,12.600000000000136,14322.2966796875,13180.0,21.375,2.0,Jun 17 2019,21:06:15
328.0,0.0,11.300000000000182,14322.300348307292,13250.0,21.375,2.0,Jun 17 2019,21:06:15
329.0,0.0,10.350000000000136,14322.303628472222,13370.0,21.375,2.0,Jun 17 2019,21:06:15
330.0,0.0,-2.1499999999998636,14322.306516927083,13500.0,21.375,2.0,Jun 17 2019,21:06:15
331.0,0.0,-3.75,14322.309290364583,13590.0,21.375,2.0,Jun 17 2019,21:06:15
332.0,0.0,-12.449999999999818,14322.311995442707,13670.0,21.375,2.0,Jun 17 2019,21:06:15
333.0,0.0,-16.149999999999864,14322.314840494791,13750.0,21.375,2.0,Jun 17 2019,21:06:15
334.0,0.0,-27.049999999999955,14322.318050130209,13810.0,21.375,2.0,Jun 17 2019,21:06:15
335.0,0.0,-37.19999999999982,14322.321821831598,13810.0,21.375,2.0,Jun 17 2019,21:06:15
336.0,0.0,-44.0,14322.326161024306,13790.0,21.375,2.0,Jun 17 2019,21:06:15
337.0,0.0,-51.59999999999991,14322.331010199652,13750.0,21.375,2.0,Jun 17 2019,21:06:15
338.0,0.0,-52.299999999999955,14322.336417100694,13690.0,21.375,2.0,Jun 17 2019,21:06:15
339.0,0.0,-35.19999999999982,14322.342211371528,13610.0,21.375,2.0,Jun 17 2019,21:06:15
340.0,0.0,-34.799999999999955,14322.348321397569,13560.0,21.375,2.0,Jun 17 2019,21:06:15
341.0,0.0,-26.799999999999955,14322.35454969618,13530.0,21.375,2.0,Jun 17 2019,21:06:15
342.0,0.0,-25.299999999999955,14322.36095703125,13480.0,21.375,2.0,Jun 17 2019,21:06:15
343.0,0.0,-6.599999999999909,14322.367427300347,13450.0,21.375,2.0,Jun 17 2019,21:06:15
344.0,0.0,-21.5,14322.373972439236,13420.0,21.375,2.0,Jun 17 2019,21:06:15
345.0,0.0,-21.799999999999955,14322.380635850694,13370.0,21.375,2.0,Jun 17 2019,21:06:15
346.0,0.0,-21.549999999999955,14322.387377387153,13370.0,21.375,2.0,Jun 17 2019,21:06:15
347.0,0.0,-18.59999999999991,14322.394154730902,13360.0,21.375,2.0,Jun 17 2019,21:06:15
348.0,0.0,-11.849999999999909,14322.400859375,13320.0,21.375,2.0,Jun 17 2019,21:06:15
349.0,0.0,-27.449999999999818,14322.4076953125,13240.0,21.375,2.0,Jun 17 2019,21:06:15
350.0,0.0,-24.049999999999955,14322.414621310763,13190.0,21.375,2.0,Jun 17 2019,21:06:15
351.0,0.0,-23.449999999999818,14322.421694878472,13180.0,21.375,2.0,Jun 17 2019,21:06:15
352.0,0.0,-12.0,14322.428780381944,13180.0,21.375,2.0,Jun 17 2019,21:06:15
353.0,0.0,-5.899999999999864,14322.435767144098,13190.0,21.375,2.0,Jun 17 2019,21:06:15
354.0,0.0,-14.449999999999818,14322.442728949653,13180.0,21.375,2.0,Jun 17 2019,21:06:15
355.0,0.0,-3.0499999999999545,14322.449636501737,13200.0,21.375,2.0,Jun 17 2019,21:06:15
356.0,0.0,-3.0499999999999545,14322.456371527778,13220.0,21.375,2.0,Jun 17 2019,21:06:15
357.0,0.0,-12.5,14322.46302625868,13230.0,21.375,2.0,Jun 17 2019,21:06:15
358.0,0.0,-22.25,14322.46961046007,13330.0,21.375,2.0,Jun 17 2019,21:06:15
359.0,0.0,-19.5,14322.47626953125,13410.0,21.375,2.0,Jun 17 2019,21:06:15
360.0,0.0,-13.349999999999909,14322.482912326388,13420.0,21.375,2.0,Jun 17 2019,21:06:15
361.0,0.0,-19.699999999999818,14322.489547526042,13390.0,21.375,2.0,Jun 17 2019,21:06:15
362.0,0.0,-18.75,14322.496225043404,13370.0,21.375,2.0,Jun 17 2019,21:06:15
363.0,0.0,-22.399999999999864,14322.502941623265,13360.0,21.375,2.0,Jun 17 2019,21:06:15
364.0,0.0,-3.2999999999999545,14322.509605034722,13330.0,21.375,2.0,Jun 17 2019,21:06:15
365.0,0.0,-3.0499999999999545,14322.516185980903,13310.0,21.375,2.0,Jun 17 2019,21:06:15
366.0,0.0,-3.199999999999818,14322.522677951389,13310.0,21.375,2.0,Jun 17 2019,21:06:15
367.0,0.0,-3.099999999999909,14322.529060329862,13310.0,21.375,2.0,Jun 17 2019,21:06:15
368.0,0.0,-3.099999999999909,14322.535321180556,13330.0,21.375,2.0,Jun 17 2019,21:06:15
369.0,0.0,-3.099999999999909,14322.541494140625,13320.0,21.375,2.0,Jun 17 2019,21:06:15
370.0,0.0,-3.0499999999999545,14322.547683376735,13310.0,21.375,2.0,Jun 17 2019,21:06:15
371.0,0.0,-3.0499999999999545,14322.553820529514,13320.0,21.375,2.0,Jun 17 2019,21:06:15
372.0,0.0,-3.099999999999909,14322.559973958334,13350.0,21.375,2.0,Jun 17 2019,21:06:15
373.0,0.0,9.800000000000182,14322.565968967014,13360.0,21.375,2.0,Jun 17 2019,21:06:15
374.0,0.0,22.40000000000009,14322.571684027778,13350.0,21.375,2.0,Jun 17 2019,21:06:15
375.0,0.0,28.75,14322.576915147569,13340.0,21.375,2.0,Jun 17 2019,21:06:15
376.0,0.0,22.950000000000045,14322.581596137154,13310.0,21.375,2.0,Jun 17 2019,21:06:15
377.0,0.0,19.90000000000009,14322.585805121527,13270.0,21.375,2.0,Jun 17 2019,21:06:15
378.0,0.0,-2.599999999999909,14322.589930555556,13300.0,21.375,2.0,Jun 17 2019,21:06:15
379.0,0.0,-2.699999999999818,14322.594013671875,13360.0,21.375,2.0,Jun 17 2019,21:06:15
380.0,0.0,-6.0,14322.597942708333,13440.0,21.375,2.0,Jun 17 2019,21:06:15
381.0,0.0,-14.199999999999818,14322.601847873264,13440.0,21.375,2.0,Jun 17 2019,21:06:15
382.0,0.0,-13.849999999999909,14322.605764973958,13420.0,21.375,2.0,Jun 17 2019,21:06:15
383.0,0.0,-17.199999999999818,14322.609861111112,13420.0,21.375,2.0,Jun 17 2019,21:06:15
384.0,0.0,-19.949999999999818,14322.614173177084,13420.0,21.375,2.0,Jun 17 2019,21:06:15
385.0,0.0,-17.149999999999864,14322.618704427083,13420.0,21.375,2.0,Jun 17 2019,21:06:15
386.0,0.0,-17.449999999999818,14322.62337782118,13410.0,21.375,2.0,Jun 17 2019,21:06:15
387.0,0.0,-21.25,14322.628236762153,13370.0,21.375,2.0,Jun 17 2019,21:06:15
388.0,0.0,-21.449999999999818,14322.633288845485,13320.0,21.375,2.0,Jun 17 2019,21:06:15
389.0,0.0,-21.75,14322.638607855903,13270.0,21.375,2.0,Jun 17 2019,21:06:15
390.0,0.0,-19.199999999999818,14322.64408094618,13220.0,21.375,2.0,Jun 17 2019,21:06:15
391.0,0.0,-20.59999999999991,14322.649684244792,13180.0,21.375,2.0,Jun 17 2019,21:06:15
392.0,0.0,-27.549999999999955,14322.655439453125,13170.0,21.375,2.0,Jun 17 2019,21:06:15
393.0,0.0,-38.34999999999991,14322.66136501736,13170.0,21.375,2.0,Jun 17 2019,21:06:15
394.0,0.0,-50.69999999999982,14322.667583550347,13170.0,21.375,2.0,Jun 17 2019,21:06:15
395.0,0.0,-50.649999999999864,14322.674126519098,13170.0,21.375,2.0,Jun 17 2019,21:06:15
396.0,0.0,-44.09999999999991,14322.680935329861,13180.0,21.375,2.0,Jun 17 2019,21:06:15
397.0,0.0,-32.44999999999982,14322.687935112846,13170.0,21.375,2.0,Jun 17 2019,21:06:15
398.0,0.0,-40.899999999999864,14322.69511827257,13160.0,21.375,2.0,Jun 17 2019,21:06:15
399.0,0.0,-26.09999999999991,14322.702413194444,13130.0,21.375,2.0,Jun 17 2019,21:06:15
400.0,0.0,-21.199999999999818,14322.709777560764,13120.0,21.375,2.0,Jun 17 2019,21:06:15
401.0,0.0,-20.84999999999991,14322.717146267361,13120.0,21.375,2.0,Jun 17 2019,21:06:15
402.0,0.0,-8.949999999999818,14322.724500868055,13110.0,21.375,2.0,Jun 17 2019,21:06:15
403.0,0.0,-3.1499999999998636,14322.731763237847,13110.0,21.375,2.0,Jun 17 2019,21:06:15
404.0,0.0,-3.1499999999998636,14322.738883463542,13120.0,21.375,2.0,Jun 17 2019,21:06:15
405.0,0.0,-3.099999999999909,14322.74591579861,13130.0,21.375,2.0,Jun 17 2019,21:06:15
406.0,0.0,-2.949999999999818,14322.752821180555,13140.0,21.375,2.0,Jun 17 2019,21:06:15
407.0,0.0,-7.699999999999818,14322.759634331596,13140.0,21.375,2.0,Jun 17 2019,21:06:15
408.0,0.0,-25.199999999999818,14322.766456163194,13150.0,21.375,2.0,Jun 17 2019,21:06:15
409.0,0.0,-32.94999999999982,14322.773369140625,13140.0,21.375,2.0,Jun 17 2019,21:06:15
410.0,0.0,-20.149999999999864,14322.78040907118,13130.0,21.375,2.0,Jun 17 2019,21:06:15
411.0,0.0,-10.699999999999818,14322.787414279514,13120.0,21.375,2.0,Jun 17 2019,21:06:15
412.0,0.0,-5.7999999999999545,14322.794310980902,13150.0,21.375,2.0,Jun 17 2019,21:06:15
413.0,0.0,-22.59999999999991,14322.801204427084,13170.0,21.375,2.0,Jun 17 2019,21:06:15
414.0,0.0,-8.849999999999909,14322.808072916667,13190.0,21.375,2.0,Jun 17 2019,21:06:15
415.0,0.0,-23.75,14322.814965277777,13180.0,21.375,2.0,Jun 17 2019,21:06:15
416.0,0.0,-11.75,14322.821863064237,13160.0,21.375,2.0,Jun 17 2019,21:06:15
417.0,0.0,-26.699999999999818,14322.8287890625,13130.0,21.375,2.0,Jun 17 2019,21:06:15
418.0,0.0,-22.25,14322.835766059028,13110.0,21.375,2.0,Jun 17 2019,21:06:15
419.0,0.0,-28.699999999999818,14322.842797309027,13100.0,21.375,2.0,Jun 17 2019,21:06:15
420.0,0.0,-25.09999999999991,14322.849951171875,13080.0,21.375,2.0,Jun 17 2019,21:06:15
421.0,0.0,-13.699999999999818,14322.857166883681,13050.0,21.375,2.0,Jun 17 2019,21:06:15
422.0,0.0,-16.299999999999955,14322.864463975695,13090.0,21.375,2.0,Jun 17 2019,21:06:15
423.0,0.0,-23.899999999999864,14322.871858723958,13120.0,21.375,2.0,Jun 17 2019,21:06:15
424.0,0.0,-17.799999999999955,14322.879366319445,13100.0,21.375,2.0,Jun 17 2019,21:06:15
425.0,0.0,-12.449999999999818,14322.88693250868,13100.0,21.375,2.0,Jun 17 2019,21:06:15
426.0,0.0,-11.899999999999864,14322.894533420138,13100.0,21.375,2.0,Jun 17 2019,21:06:15
427.0,0.0,-3.2999999999999545,14322.902120225694,13100.0,21.375,2.0,Jun 17 2019,21:06:15
428.0,0.0,-12.399999999999864,14322.909711371527,13120.0,21.375,2.0,Jun 17 2019,21:06:15
429.0,0.0,-13.049999999999955,14322.917361111111,13130.0,21.375,2.0,Jun 17 2019,21:06:15
430.0,0.0,-8.649999999999864,14322.925049913194,13140.0,21.375,2.0,Jun 17 2019,21:06:15
431.0,0.0,-5.399999999999864,14322.93271375868,13150.0,21.375,2.0,Jun 17 2019,21:06:15
432.0,0.0,-4.949999999999818,14322.940358072916,13180.0,21.375,2.0,Jun 17 2019,21:06:15
433.0,0.0,-4.5,14322.947974175348,13180.0,21.375,2.0,Jun 17 2019,21:06:15
434.0,0.0,-4.699999999999818,14322.955554470485,13160.0,21.375,2.0,Jun 17 2019,21:06:15
435.0,0.0,-16.75,14322.96318467882,13170.0,21.375,2.0,Jun 17 2019,21:06:15
436.0,0.0,-16.949999999999818,14322.9708984375,13210.0,21.375,2.0,Jun 17 2019,21:06:15
437.0,0.0,-4.899999999999864,14322.978619791667,13210.0,21.375,2.0,Jun 17 2019,21:06:15
438.0,0.0,-3.199999999999818,14322.986319444444,13220.0,21.375,2.0,Jun 17 2019,21:06:15
439.0,0.0,-3.199999999999818,14322.99392469618,13240.0,21.375,2.0,Jun 17 2019,21:06:15
440.0,0.0,-3.199999999999818,14323.001487630208,13240.0,21.375,2.0,Jun 17 2019,21:06:15
441.0,0.0,-3.1499999999998636,14323.008960503472,13250.0,21.375,2.0,Jun 17 2019,21:06:15
442.0,0.0,-3.199999999999818,14323.016358506944,13250.0,21.375,2.0,Jun 17 2019,21:06:15
443.0,0.0,-3.099999999999909,14323.023676215278,13230.0,21.375,2.0,Jun 17 2019,21:06:15
444.0,0.0,-3.099999999999909,14323.030909288194,13230.0,21.375,2.0,Jun 17 2019,21:06:15
445.0,0.0,-3.0,14323.03806749132,13210.0,21.375,2.0,Jun 17 2019,21:06:15
446.0,0.0,-3.099999999999909,14323.04515625,13210.0,21.375,2.0,Jun 17 2019,21:06:15
447.0,0.0,-3.099999999999909,14323.05216796875,13200.0,21.375,2.0,Jun 17 2019,21:06:15
448.0,0.0,-3.0499999999999545,14323.059102647569,13190.0,21.375,2.0,Jun 17 2019,21:06:15
449.0,0.0,-3.0499999999999545,14323.065959201389,13180.0,21.375,2.0,Jun 17 2019,21:06:15
450.0,0.0,-3.099999999999909,14323.072765842015,13190.0,21.375,2.0,Jun 17 2019,21:06:15
451.0,0.0,-3.0,14323.079504123263,13200.0,21.375,2.0,Jun 17 2019,21:06:15
452.0,0.0,-3.0499999999999545,14323.086162109375,13200.0,21.375,2.0,Jun 17 2019,21:06:15
453.0,0.0,-3.0499999999999545,14323.092747395833,13200.0,21.375,2.0,Jun 17 2019,21:06:15
454.0,0.0,18.800000000000182,14323.099128689237,13210.0,21.375,2.0,Jun 17 2019,21:06:15
455.0,0.0,24.90000000000009,14323.105061848959,13220.0,21.375,2.0,Jun 17 2019,21:06:15
456.0,0.0,34.350000000000136,14323.110435112847,13230.0,21.375,2.0,Jun 17 2019,21:06:15
457.0,0.0,29.100000000000563,14323.115184461805,13259.999999999998,21.375,2.0,Jun 17 2019,21:06:15
458.0,0.0,18.450000000000244,14323.119371744791,13289.999999999998,21.375,2.0,Jun 17 2019,21:06:15
459.0,0.0,-2.649999999999835,14323.123209635416,13270.000000000002,21.375,2.0,Jun 17 2019,21:06:15
460.0,0.0,-2.799999999999912,14323.126928168404,13210.000000000004,21.375,2.0,Jun 17 2019,21:06:15
461.0,0.0,0.9499999999998323,14323.130431857639,13130.000000000004,21.375,2.0,Jun 17 2019,21:06:15
462.0,0.0,-3.499999999999872,14323.133664279514,13149.999999999998,21.375,2.0,Jun 17 2019,21:06:15
463.0,0.0,-3.049999999999926,14323.136755642361,13150.0,21.375,2.0,Jun 17 2019,21:06:15
464.0,0.0,-9.699999999999335,14323.139750434028,13140.0,21.375,2.0,Jun 17 2019,21:06:15
465.0,0.0,-13.500000000001265,14323.142739800347,13110.000000000002,21.375,2.0,Jun 17 2019,21:06:15
466.0,0.0,-18.19999999999844,14323.145696614583,13080.000000000002,21.375,2.0,Jun 17 2019,21:06:15
467.0,0.0,-32.649999999998954,14323.148908420138,13109.999999999998,21.375,2.0,Jun 17 2019,21:06:15
468.0,0.0,-41.29999999999964,14323.15265625,13129.999999999998,21.375,2.0,Jun 17 2019,21:06:15
469.0,0.0,-46.59999999999961,14323.156959635417,13090.000000000002,21.375,2.0,Jun 17 2019,21:06:15
470.0,0.0,-49.00000000000006,14323.161784939237,13050.000000000002,21.375,2.0,Jun 17 2019,21:06:15
471.0,0.0,-46.400000000000134,14323.167103949652,13020.000000000002,21.375,2.0,Jun 17 2019,21:06:15
472.0,0.0,-37.00000000000007,14323.172786458334,13010.0,21.375,2.0,Jun 17 2019,21:06:15
473.0,0.0,-25.550000000000765,14323.178740234374,13000.0,21.375,2.0,Jun 17 2019,21:06:15
474.0,0.0,-20.50000000000003,14323.184852430555,12990.0,21.375,2.0,Jun 17 2019,21:06:15
475.0,0.0,-8.350000000001089,14323.19105577257,13009.999999999998,21.375,2.0,Jun 17 2019,21:06:15
476.0,0.0,-16.99999999999902,14323.19728732639,13029.999999999998,21.375,2.0,Jun 17 2019,21:06:15
477.0,0.0,-12.200000000000244,14323.203602430556,13049.999999999998,21.375,2.0,Jun 17 2019,21:06:15
478.0,0.0,-19.249999999999787,14323.210021701389,13060.0,21.375,2.0,Jun 17 2019,21:06:15
479.0,0.0,-32.44999999999915,14323.216589626736,13079.999999999998,21.375,2.0,Jun 17 2019,21:06:15
480.0,0.0,-34.749999999999986,14323.223396267362,13090.0,21.375,2.0,Jun 17 2019,21:06:15
481.0,0.0,-51.05000000000027,14323.230546875,13080.0,21.375,2.0,Jun 17 2019,21:06:15
482.0,0.0,-33.20000000000044,14323.23800564236,13070.0,21.375,2.0,Jun 17 2019,21:06:15
483.0,0.0,-43.19999999999969,14323.245696614584,13060.0,21.375,2.0,Jun 17 2019,21:06:15
484.0,0.0,-42.000000000000384,14323.253654513888,13050.0,21.375,2.0,Jun 17 2019,21:06:15
485.0,0.0,-27.20000000000168,14323.261842447917,13050.0,21.375,2.0,Jun 17 2019,21:06:15
486.0,0.0,-17.850000000000023,14323.270121527778,13060.0,21.375,2.0,Jun 17 2019,21:06:15
487.0,0.0,-25.00000000000051,14323.27851779514,13070.0,21.375,2.0,Jun 17 2019,21:06:15
488.0,0.0,-19.299999999999955,14323.287017144097,13070.0,21.375,2.0,Jun 17 2019,21:06:15
489.0,0.0,-3.550000000000111,14323.295525173611,13070.0,21.375,2.0,Jun 17 2019,21:06:15
490.0,0.0,-7.25,14323.304008246529,13070.0,21.375,2.0,Jun 17 2019,21:06:15
491.0,0.0,-16.699999999997388,14323.312488064235,13060.0,21.375,2.0,Jun 17 2019,21:06:15
492.0,0.0,-16.85000000000022,14323.32101671007,13070.0,21.375,2.0,Jun 17 2019,21:06:15
493.0,0.0,-3.400000000000418,14323.329522569444,13070.0,21.375,2.0,Jun 17 2019,21:06:15
494.0,0.0,-3.3499999999999233,14323.338023003473,13070.0,21.375,2.0,Jun 17 2019,21:06:15
495.0,0.0,-3.3499999999999233,14323.346587456597,13080.0,21.375,2.0,Jun 17 2019,21:06:15
496.0,0.0,-3.349999999999909,14323.355147569444,13099.999999999998,21.375,2.0,Jun 17 2019,21:06:15
497.0,0.0,-9.699999999999221,14323.363625217014,13119.999999999998,21.375,2.0,Jun 17 2019,21:06:15
498.0,0.0,-19.24999999999858,14323.372059461806,13120.0,21.375,2.0,Jun 17 2019,21:06:15
499.0,0.0,-28.19999999999979,14323.38054361979,13100.000000000002,21.375,2.0,Jun 17 2019,21:06:15
500.0,0.0,-21.000000000000654,14323.389071180556,13090.0,21.375,2.0,Jun 17 2019,21:06:15
501.0,0.0,-13.000000000000512,14323.39759657118,13080.0,21.375,2.0,Jun 17 2019,21:06:15
502.0,0.0,-8.849999999998346,14323.406042751736,13080.0,21.375,2.0,Jun 17 2019,21:06:15
503.0,0.0,-3.650000000000176,14323.41439344618,13070.0,21.375,2.0,Jun 17 2019,21:06:15
504.0,0.0,-15.199999999999804,14323.422741970486,13060.0,21.375,2.0,Jun 17 2019,21:06:15
505.0,0.0,-3.5000000000005116,14323.431032986111,13060.0,21.375,2.0,Jun 17 2019,21:06:15
506.0,0.0,-3.2999999999999403,14323.439224175347,13050.0,21.375,2.0,Jun 17 2019,21:06:15
507.0,0.0,-3.349999999999895,14323.447300347223,13050.0,21.375,2.0,Jun 17 2019,21:06:15
508.0,0.0,-3.2999999999999545,14323.455283203126,13040.0,21.375,2.0,Jun 17 2019,21:06:15
509.0,0.0,-3.149999999999878,14323.463152126737,13020.000000000002,21.375,2.0,Jun 17 2019,21:06:15
510.0,0.0,-3.1999999999998607,14323.470922309029,13010.0,21.375,2.0,Jun 17 2019,21:06:15
511.0,0.0,-3.199999999999818,14323.478589409722,13000.0,21.375,2.0,Jun 17 2019,21:06:15
512.0,0.0,-3.25,14323.486157769097,13000.0,21.375,2.0,Jun 17 2019,21:06:15
513.0,0.0,-3.1499999999998636,14323.49363064236,13010.0,21.375,2.0,Jun 17 2019,21:06:15
514.0,0.0,7.350000000000136,14323.500910373265,13010.0,21.375,2.0,Jun 17 2019,21:06:15
515.0,0.0,39.90000000000009,14323.507747395834,13020.0,21.375,2.0,Jun 17 2019,21:06:15
516.0,0.0,37.40000000000009,14323.513983289931,13060.0,21.375,2.0,Jun 17 2019,21:06:15
517.0,0.0,41.5,14323.519534505209,13090.0,21.375,2.0,Jun 17 2019,21:06:15
518.0,0.0,28.15000000000009,14323.524347873265,13100.0,21.375,2.0,Jun 17 2019,21:06:15
519.0,0.0,-3.849999999999909,14323.528772786458,13070.0,21.375,2.0,Jun 17 2019,21:06:15
520.0,0.0,-24.649999999999864,14323.533130425347,12990.0,21.375,2.0,Jun 17 2019,21:06:15
521.0,0.0,-8.699999999999818,14323.537550998264,12880.0,21.375,2.0,Jun 17 2019,21:06:15
522.0,0.0,-6.099999999999909,14323.54204861111,12850.0,21.375,2.0,Jun 17 2019,21:06:15
523.0,0.0,-14.899999999999864,14323.546570095486,12920.0,21.375,2.0,Jun 17 2019,21:06:15
524.0,0.0,-28.049999999999955,14323.551220703124,12970.0,21.375,2.0,Jun 17 2019,21:06:15
525.0,0.0,-3.199999999999818,14323.55595811632,13000.0,21.375,2.0,Jun 17 2019,21:06:15
526.0,0.0,-21.049999999999955,14323.560846354167,13090.0,21.375,2.0,Jun 17 2019,21:06:15
527.0,0.0,-33.049999999999955,14323.565845269097,13160.0,21.375,2.0,Jun 17 2019,21:06:15
528.0,0.0,-37.75,14323.571138237847,13180.0,21.375,2.0,Jun 17 2019,21:06:15
529.0,0.0,-35.5,14323.576697048611,13190.0,21.375,2.0,Jun 17 2019,21:06:15
530.0,0.0,-39.19999999999982,14323.582516276041,13180.0,21.375,2.0,Jun 17 2019,21:06:15
531.0,0.0,-38.25,14323.588620876737,13170.0,21.375,2.0,Jun 17 2019,21:06:15
532.0,0.0,-26.59999999999991,14323.59490451389,13160.0,21.375,2.0,Jun 17 2019,21:06:15
533.0,0.0,-30.59999999999991,14323.601318359375,13170.0,21.375,2.0,Jun 17 2019,21:06:15
534.0,0.0,-14.899999999999864,14323.60781358507,13160.0,21.375,2.0,Jun 17 2019,21:06:15
535.0,0.0,-7.349999999999909,14323.614290364583,13160.0,21.375,2.0,Jun 17 2019,21:06:15
536.0,0.0,-3.099999999999909,14323.620712890624,13180.0,21.375,2.0,Jun 17 2019,21:06:15
537.0,0.0,-3.0499999999999545,14323.627034505209,13200.0,21.375,2.0,Jun 17 2019,21:06:15
538.0,0.0,-17.84999999999991,14323.633330078124,13230.0,21.375,2.0,Jun 17 2019,21:06:15
539.0,0.0,-21.449999999999818,14323.639639756944,13240.0,21.375,2.0,Jun 17 2019,21:06:15
540.0,0.0,-27.09999999999991,14323.646069878472,13240.0,21.375,2.0,Jun 17 2019,21:06:15
541.0,0.0,-16.649999999999864,14323.652574869791,13240.0,21.375,2.0,Jun 17 2019,21:06:15
542.0,0.0,-21.5,14323.659164496528,13210.0,21.375,2.0,Jun 17 2019,21:06:15
543.0,0.0,-2.8999999999998636,14323.665659722223,13200.0,21.375,2.0,Jun 17 2019,21:06:15
544.0,0.0,-2.8999999999998636,14323.672063802083,13170.0,21.375,2.0,Jun 17 2019,21:06:15
545.0,0.0,-21.84999999999991,14323.67845486111,13150.0,21.375,2.0,Jun 17 2019,21:06:15
546.0,0.0,-27.399999999999864,14323.68501844618,13160.0,21.375,2.0,Jun 17 2019,21:06:15
547.0,0.0,-15.899999999999864,14323.691612413195,13200.0,21.375,2.0,Jun 17 2019,21:06:15
548.0,0.0,-7.949999999999818,14323.698175998265,13200.0,21.375,2.0,Jun 17 2019,21:06:15
549.0,0.0,-16.59999999999991,14323.70474609375,13220.0,21.375,2.0,Jun 17 2019,21:06:15
550.0,0.0,-4.5499999999999545,14323.711315104167,13220.0,21.375,2.0,Jun 17 2019,21:06:15
551.0,0.0,-7.75,14323.717841796875,13200.0,21.375,2.0,Jun 17 2019,21:06:15
552.0,0.0,-10.599999999999909,14323.724291449653,13190.0,21.375,2.0,Jun 17 2019,21:06:15
553.0,0.0,-3.0,14323.730708550347,13180.0,21.375,2.0,Jun 17 2019,21:06:15
554.0,0.0,-11.25,14323.737020399305,13180.0,21.375,2.0,Jun 17 2019,21:06:15
555.0,0.0,-3.199999999999818,14323.743310546875,13170.0,21.375,2.0,Jun 17 2019,21:06:15
556.0,0.0,-3.0,14323.749544270833,13180.0,21.375,2.0,Jun 17 2019,21:06:15
557.0,0.0,-3.1499999999998636,14323.755651041667,13190.0,21.375,2.0,Jun 17 2019,21:06:15
558.0,0.0,-2.8999999999998636,14323.761654730903,13190.0,21.375,2.0,Jun 17 2019,21:06:15
559.0,0.0,-3.0499999999999545,14323.76759982639,13200.0,21.375,2.0,Jun 17 2019,21:06:15
560.0,0.0,-3.0499999999999545,14323.77345920139,13260.0,21.375,2.0,Jun 17 2019,21:06:15
561.0,0.0,-3.1499999999998636,14323.77923828125,13280.0,21.375,2.0,Jun 17 2019,21:06:15
562.0,0.0,-3.1499999999998636,14323.78490342882,13280.0,21.375,2.0,Jun 17 2019,21:06:15
563.0,0.0,-3.1499999999998636,14323.790462239584,13290.0,21.375,2.0,Jun 17 2019,21:06:15
564.0,0.0,-6.7999999999999545,14323.795975477431,13290.0,21.375,2.0,Jun 17 2019,21:06:15
565.0,0.0,-9.649999999999864,14323.801532118056,13270.0,21.375,2.0,Jun 17 2019,21:06:15
566.0,0.0,-15.849999999999909,14323.807164713542,13260.0,21.375,2.0,Jun 17 2019,21:06:15
567.0,0.0,-8.449999999999818,14323.812874348958,13260.0,21.375,2.0,Jun 17 2019,21:06:15
568.0,0.0,-2.949999999999818,14323.818552517361,13250.0,21.375,2.0,Jun 17 2019,21:06:15
569.0,0.0,-2.849999999999909,14323.824157986111,13240.0,21.375,2.0,Jun 17 2019,21:06:15
570.0,0.0,-3.0499999999999545,14323.8297265625,13230.0,21.375,2.0,Jun 17 2019,21:06:15
571.0,0.0,2.6000000000001364,14323.835256076389,13230.0,21.375,2.0,Jun 17 2019,21:06:15
572.0,0.0,2.8500000000001364,14323.840539279514,13240.0,21.375,2.0,Jun 17 2019,21:06:15
573.0,0.0,2.300000000000182,14323.845675998264,13250.0,21.375,2.0,Jun 17 2019,21:06:15
574.0,0.0,9.300000000000182,14323.85060438368,13220.0,21.375,2.0,Jun 17 2019,21:06:15
575.0,0.0,11.200000000000045,14323.855289713541,13220.0,21.375,2.0,Jun 17 2019,21:06:15
576.0,0.0,1.7000000000000455,14323.859756944445,13240.0,21.375,2.0,Jun 17 2019,21:06:15
577.0,0.0,1.550000000000182,14323.86406358507,13300.0,21.375,2.0,Jun 17 2019,21:06:15
578.0,0.0,1.900000000000091,14323.868138020833,13340.0,21.375,2.0,Jun 17 2019,21:06:15
579.0,0.0,-2.599999999999909,14323.872124565973,13340.0,21.375,2.0,Jun 17 2019,21:06:15
580.0,0.0,-2.699999999999818,14323.87611436632,13300.0,21.375,2.0,Jun 17 2019,21:06:15
581.0,0.0,-17.199999999999818,14323.880152994792,13240.0,21.375,2.0,Jun 17 2019,21:06:15
582.0,0.0,-39.5,14323.88443142361,13170.0,21.375,2.0,Jun 17 2019,21:06:15
583.0,0.0,-49.399999999999864,14323.889147135416,13110.0,21.375,2.0,Jun 17 2019,21:06:15
584.0,0.0,-41.94999999999982,14323.89427734375,13080.0,21.375,2.0,Jun 17 2019,21:06:15
585.0,0.0,-42.5,14323.899820963541,13050.0,21.375,2.0,Jun 17 2019,21:06:15
586.0,0.0,-43.0,14323.905823567708,13030.0,21.375,2.0,Jun 17 2019,21:06:15
587.0,0.0,-33.299999999999955,14323.912123480903,13030.0,21.375,2.0,Jun 17 2019,21:06:15
588.0,0.0,-45.84999999999991,14323.91879123264,13070.0,21.375,2.0,Jun 17 2019,21:06:15
589.0,0.0,-45.299999999999955,14323.92580295139,13070.0,21.375,2.0,Jun 17 2019,21:06:15
590.0,0.0,-12.949999999999818,14323.933018663194,13060.0,21.375,2.0,Jun 17 2019,21:06:15
591.0,0.0,-9.199999999999818,14323.94019748264,13100.0,21.375,2.0,Jun 17 2019,21:06:15
592.0,0.0,-11.449999999999818,14323.94736219618,13150.0,21.375,2.0,Jun 17 2019,21:06:15
593.0,0.0,-11.849999999999909,14323.954505208334,13200.0,21.375,2.0,Jun 17 2019,21:06:15
594.0,0.0,-17.049999999999955,14323.961686197918,13260.0,21.375,2.0,Jun 17 2019,21:06:15
595.0,0.0,-18.049999999999955,14323.968874782986,13300.0,21.375,2.0,Jun 17 2019,21:06:15
596.0,0.0,-17.5,14323.976065538194,13320.0,21.375,2.0,Jun 17 2019,21:06:15
597.0,0.0,-17.5,14323.983215060764,13310.0,21.375,2.0,Jun 17 2019,21:06:15
598.0,0.0,-18.84999999999991,14323.990345052083,13270.0,21.375,2.0,Jun 17 2019,21:06:15
599.0,0.0,-24.699999999999818,14323.997549913194,13240.0,21.375,2.0,Jun 17 2019,21:06:15
600.0,0.0,-20.34999999999991,14324.004888237847,13220.0,21.375,2.0,Jun 17 2019,21:06:15
601.0,0.0,-19.399999999999864,14324.012280815972,13260.0,21.375,2.0,Jun 17 2019,21:06:15
602.0,0.0,-19.449999999999818,14324.019697265625,13290.0,21.375,2.0,Jun 17 2019,21:06:15
603.0,0.0,-19.299999999999955,14324.027139756945,13290.0,21.375,2.0,Jun 17 2019,21:06:15
604.0,0.0,-13.549999999999955,14324.034625651042,13250.0,21.375,2.0,Jun 17 2019,21:06:15
605.0,0.0,-14.549999999999955,14324.04210828993,13240.0,21.375,2.0,Jun 17 2019,21:06:15
606.0,0.0,-20.799999999999955,14324.049640842013,13240.0,21.375,2.0,Jun 17 2019,21:06:15
607.0,0.0,-21.0,14324.057230902778,13240.0,21.375,2.0,Jun 17 2019,21:06:15
608.0,0.0,-17.149999999999864,14324.064853515625,13240.0,21.375,2.0,Jun 17 2019,21:06:15
609.0,0.0,-14.349999999999909,14324.072517361112,13210.0,21.375,2.0,Jun 17 2019,21:06:15
610.0,0.0,-18.799999999999955,14324.080233289931,13200.0,21.375,2.0,Jun 17 2019,21:06:15
611.0,0.0,-4.149999999999864,14324.087935112848,13200.0,21.375,2.0,Jun 17 2019,21:06:15
612.0,0.0,-3.25,14324.095526258681,13220.0,21.375,2.0,Jun 17 2019,21:06:15
613.0,0.0,-3.2999999999999545,14324.103041449653,13180.0,21.375,2.0,Jun 17 2019,21:06:15
614.0,0.0,-3.1499999999998636,14324.110504557291,13180.0,21.375,2.0,Jun 17 2019,21:06:15
615.0,0.0,-3.25,14324.11784830729,13230.0,21.375,2.0,Jun 17 2019,21:06:15
616.0,0.0,-18.34999999999991,14324.12517252604,13260.0,21.375,2.0,Jun 17 2019,21:06:15
617.0,0.0,-18.5,14324.132490234375,13270.0,21.375,2.0,Jun 17 2019,21:06:15
618.0,0.0,-18.699999999999818,14324.139881727431,13270.0,21.375,2.0,Jun 17 2019,21:06:15
619.0,0.0,-7.2999999999999545,14324.147198350694,13280.0,21.375,2.0,Jun 17 2019,21:06:15
620.0,0.0,-17.299999999999955,14324.154462890625,13290.0,21.375,2.0,Jun 17 2019,21:06:15
621.0,0.0,-21.149999999999864,14324.161687282985,13300.0,21.375,2.0,Jun 17 2019,21:06:15
622.0,0.0,-3.199999999999818,14324.168896484374,13320.0,21.375,2.0,Jun 17 2019,21:06:15
623.0,0.0,-3.099999999999909,14324.176041666668,13330.0,21.375,2.0,Jun 17 2019,21:06:15
624.0,0.0,-3.25,14324.183133680555,13360.0,21.375,2.0,Jun 17 2019,21:06:15
625.0,0.0,-11.0,14324.19023328993,13380.0,21.375,2.0,Jun 17 2019,21:06:15
626.0,0.0,-10.349999999999909,14324.19736219618,13380.0,21.375,2.0,Jun 17 2019,21:06:15
627.0,0.0,-4.449999999999818,14324.204508463541,13400.0,21.375,2.0,Jun 17 2019,21:06:15
628.0,0.0,-9.649999999999864,14324.211644965279,13400.0,21.375,2.0,Jun 17 2019,21:06:15
629.0,0.0,-4.199999999999818,14324.218740234375,13360.0,21.375,2.0,Jun 17 2019,21:06:15
630.0,0.0,-11.549999999999955,14324.22582139757,13340.0,21.375,2.0,Jun 17 2019,21:06:15
631.0,0.0,-11.899999999999864,14324.232902560763,13330.0,21.375,2.0,Jun 17 2019,21:06:15
632.0,0.0,-12.5,14324.240016276042,13300.0,21.375,2.0,Jun 17 2019,21:06:15
633.0,0.0,-3.099999999999909,14324.247135416666,13310.0,21.375,2.0,Jun 17 2019,21:06:15
634.0,0.0,-3.099999999999909,14324.25422200521,13310.0,21.375,2.0,Jun 17 2019,21:06:15
635.0,0.0,-3.099999999999909,14324.261321614584,13290.0,21.375,2.0,Jun 17 2019,21:06:15
636.0,0.0,-3.1499999999998636,14324.268385416666,13300.0,21.375,2.0,Jun 17 2019,21:06:15
637.0,0.0,-3.099999999999909,14324.275402560765,13320.0,21.375,2.0,Jun 17 2019,21:06:15
638.0,0.0,-3.099999999999909,14324.282374131944,13320.0,21.375,2.0,Jun 17 2019,21:06:15
639.0,0.0,-3.1499999999998636,14324.289312065972,13330.0,21.375,2.0,Jun 17 2019,21:06:15
640.0,0.0,-3.099999999999909,14324.296204427083,13350.0,21.375,2.0,Jun 17 2019,21:06:15
641.0,0.0,-3.099999999999909,14324.303045789931,13380.0,21.375,2.0,Jun 17 2019,21:06:15
642.0,0.0,-18.0,14324.30986436632,13420.0,21.375,2.0,Jun 17 2019,21:06:15
643.0,0.0,-18.799999999999955,14324.31671983507,13450.0,21.375,2.0,Jun 17 2019,21:06:15
644.0,0.0,-18.25,14324.323590494792,13460.0,21.375,2.0,Jun 17 2019,21:06:15
645.0,0.0,-17.449999999999818,14324.33047200521,13450.0,21.375,2.0,Jun 17 2019,21:06:15
646.0,0.0,-21.399999999999864,14324.337394748263,13430.0,21.375,2.0,Jun 17 2019,21:06:15
647.0,0.0,-26.149999999999864,14324.34439236111,13400.0,21.375,2.0,Jun 17 2019,21:06:15
648.0,0.0,-14.399999999999864,14324.351397569444,13360.0,21.375,2.0,Jun 17 2019,21:06:15
649.0,0.0,-5.7999999999999545,14324.358313802084,13340.0,21.375,2.0,Jun 17 2019,21:06:15
650.0,0.0,-3.099999999999909,14324.365121527779,13320.0,21.375,2.0,Jun 17 2019,21:06:15
651.0,0.0,-3.099999999999909,14324.371796875,13310.0,21.375,2.0,Jun 17 2019,21:06:15
652.0,0.0,-17.09999999999991,14324.378387586805,13290.0,21.375,2.0,Jun 17 2019,21:06:15
653.0,0.0,-27.899999999999864,14324.385024956597,13270.0,21.375,2.0,Jun 17 2019,21:06:15
654.0,0.0,-20.25,14324.39171875,13260.0,21.375,2.0,Jun 17 2019,21:06:15
655.0,0.0,-19.09999999999991,14324.398309461805,13240.0,21.375,2.0,Jun 17 2019,21:06:15
656.0,0.0,-31.649999999999864,14324.404915364583,13250.0,21.375,2.0,Jun 17 2019,21:06:15
657.0,0.0,-47.299999999999955,14324.411622178819,13280.0,21.375,2.0,Jun 17 2019,21:06:15
658.0,0.0,-30.049999999999955,14324.41837890625,13320.0,21.375,2.0,Jun 17 2019,21:06:15
659.0,0.0,-15.099999999999909,14324.425091145833,13330.0,21.375,2.0,Jun 17 2019,21:06:15
660.0,0.0,-3.199999999999818,14324.43173502604,13330.0,21.375,2.0,Jun 17 2019,21:06:15
661.0,0.0,-3.099999999999909,14324.438284505208,13340.0,21.375,2.0,Jun 17 2019,21:06:15
662.0,0.0,3.4500000000000455,14324.444644097222,13340.0,21.375,2.0,Jun 17 2019,21:06:15
663.0,0.0,5.900000000000091,14324.450832248263,13310.0,21.375,2.0,Jun 17 2019,21:06:15
664.0,0.0,10.400000000000091,14324.456800130209,13300.0,21.375,2.0,Jun 17 2019,21:06:15
665.0,0.0,18.350000000000136,14324.462438151042,13340.0,21.375,2.0,Jun 17 2019,21:06:15
666.0,0.0,16.5,14324.467707248265,13440.0,21.375,2.0,Jun 17 2019,21:06:15
667.0,0.0,25.75,14324.472575954862,13550.0,21.375,2.0,Jun 17 2019,21:06:15
668.0,0.0,27.850000000000136,14324.476865234376,13640.0,21.375,2.0,Jun 17 2019,21:06:15
669.0,0.0,22.850000000000136,14324.480536024306,13680.0,21.375,2.0,Jun 17 2019,21:06:15
670.0,0.0,18.800000000000182,14324.483607855902,13660.0,21.375,2.0,Jun 17 2019,21:06:15
671.0,0.0,19.0,14324.485979817708,13630.0,21.375,2.0,Jun 17 2019,21:06:15
672.0,0.0,10.350000000000136,14324.487555338541,13580.0,21.375,2.0,Jun 17 2019,21:06:15
673.0,0.0,-2.349999999999909,14324.488424479166,13520.0,21.375,2.0,Jun 17 2019,21:06:15
674.0,0.0,-2.349999999999909,14324.488846571181,13450.0,21.375,2.0,Jun 17 2019,21:06:15
675.0,0.0,-2.0,14324.488846571181,13390.0,21.375,2.0,Jun 17 2019,21:06:15
676.0,0.0,-2.349999999999909,14324.488846571181,13320.0,21.375,2.0,Jun 17 2019,21:06:15
677.0,0.0,-2.099999999999909,14324.488846571181,13260.0,21.375,2.0,Jun 17 2019,21:06:15
678.0,0.0,-2.0,14324.488846571181,13190.0,21.375,2.0,Jun 17 2019,21:06:15
679.0,0.0,-1.849999999999909,14324.488846571181,13130.0,21.375,2.0,Jun 17 2019,21:06:15
680.0,0.0,-1.7999999999999545,14324.488846571181,13110.0,21.375,2.0,Jun 17 2019,21:06:15
681.0,0.0,-1.8999999999998636,14324.488846571181,13110.0,21.375,2.0,Jun 17 2019,21:06:15
682.0,0.0,-1.849999999999909,14324.488846571181,13110.0,21.375,2.0,Jun 17 2019,21:06:15
683.0,0.0,-6.7999999999999545,14324.488846571181,13110.0,21.375,2.0,Jun 17 2019,21:06:15
684.0,0.0,-17.049999999999955,14324.489422743056,13110.0,21.375,2.0,Jun 17 2019,21:06:15
685.0,0.0,-7.649999999999864,14324.490542534722,13110.0,21.375,2.0,Jun 17 2019,21:06:15
686.0,0.0,-8.449999999999818,14324.491902126736,13110.0,21.375,2.0,Jun 17 2019,21:06:15
687.0,0.0,-25.09999999999991,14324.49378797743,13040.0,21.375,2.0,Jun 17 2019,21:06:15
688.0,0.0,-40.19999999999982,14324.496453993055,12980.0,21.375,2.0,Jun 17 2019,21:06:15
689.0,0.0,-47.899999999999864,14324.499934895834,12960.0,21.375,2.0,Jun 17 2019,21:06:15
690.0,0.0,-58.5,14324.504239366319,13000.0,21.375,2.0,Jun 17 2019,21:06:15
691.0,0.0,-69.54999999999995,14324.509324001736,13140.0,21.375,2.0,Jun 17 2019,21:06:15
692.0,0.0,-55.899999999999864,14324.514900173612,13140.0,21.375,2.0,Jun 17 2019,21:06:15
693.0,0.0,-68.39999999999986,14324.520949435764,13140.0,21.375,2.0,Jun 17 2019,21:06:15
694.0,0.0,-85.5,14324.52759982639,13140.0,21.375,2.0,Jun 17 2019,21:06:15
695.0,0.0,-37.84999999999991,14324.53468641493,13140.0,21.375,2.0,Jun 17 2019,21:06:15
696.0,0.0,-18.899999999999864,14324.541859809027,13130.0,21.375,2.0,Jun 17 2019,21:06:15
697.0,0.0,-12.799999999999955,14324.549034288195,13050.0,21.375,2.0,Jun 17 2019,21:06:15
698.0,0.0,-3.099999999999909,14324.556185980902,13000.0,21.375,2.0,Jun 17 2019,21:06:15
699.0,0.0,-3.199999999999818,14324.563274739583,12960.0,21.375,2.0,Jun 17 2019,21:06:15
700.0,0.0,-3.25,14324.570321180556,12910.0,21.375,2.0,Jun 17 2019,21:06:15
701.0,0.0,-13.5,14324.577297092013,12860.0,21.375,2.0,Jun 17 2019,21:06:15
702.0,0.0,-3.25,14324.584223090278,12810.0,21.375,2.0,Jun 17 2019,21:06:15
703.0,0.0,-3.099999999999909,14324.591089409721,12780.0,21.375,2.0,Jun 17 2019,21:06:15
704.0,0.0,-3.0,14324.597875434029,12750.0,21.375,2.0,Jun 17 2019,21:06:15
705.0,0.0,-3.199999999999818,14324.604624565973,12750.0,21.375,2.0,Jun 17 2019,21:06:15
706.0,0.0,4.550000000000182,14324.611263020834,12820.0,21.375,2.0,Jun 17 2019,21:06:15
707.0,0.0,15.200000000000045,14324.61769748264,12920.0,21.375,2.0,Jun 17 2019,21:06:15
708.0,0.0,25.550000000000182,14324.62373155382,13000.0,21.375,2.0,Jun 17 2019,21:06:15
709.0,0.0,30.800000000000182,14324.629265407986,13070.0,21.375,2.0,Jun 17 2019,21:06:15
710.0,0.0,27.100000000000136,14324.634243706598,13160.0,21.375,2.0,Jun 17 2019,21:06:15
711.0,0.0,29.600000000000136,14324.638597005209,13260.0,21.375,2.0,Jun 17 2019,21:06:15
712.0,0.0,27.65000000000009,14324.642240668403,13320.0,21.375,2.0,Jun 17 2019,21:06:15
713.0,0.0,21.800000000000182,14324.645083550347,13350.0,21.375,2.0,Jun 17 2019,21:06:15
714.0,0.0,13.100000000000136,14324.647182074652,13340.0,21.375,2.0,Jun 17 2019,21:06:15
715.0,0.0,3.1000000000001364,14324.648643663195,13330.0,21.375,2.0,Jun 17 2019,21:06:15
716.0,0.0,-2.349999999999909,14324.649722222222,13310.0,21.375,2.0,Jun 17 2019,21:06:15
717.0,0.0,-2.25,14324.650349392361,13280.0,21.375,2.0,Jun 17 2019,21:06:15
718.0,0.0,-2.199999999999818,14324.650597873264,13270.0,21.375,2.0,Jun 17 2019,21:06:15
719.0,0.0,-2.349999999999909,14324.650597873264,13260.0,21.375,2.0,Jun 17 2019,21:06:15
720.0,0.0,-2.5,14324.650597873264,13240.0,21.375,2.0,Jun 17 2019,21:06:15
721.0,0.0,-1.849999999999909,14324.650597873264,13220.0,21.375,2.0,Jun 17 2019,21:06:15
722.0,0.0,-1.8999999999998636,14324.650597873264,13200.0,21.375,2.0,Jun 17 2019,21:06:15
723.0,0.0,-1.8999999999998636,14324.650597873264,13180.0,21.375,2.0,Jun 17 2019,21:06:15
724.0,0.0,-1.849999999999909,14324.650597873264,13180.0,21.375,2.0,Jun 17 2019,21:06:15
725.0,0.0,-1.75,14324.650597873264,13180.0,21.375,2.0,Jun 17 2019,21:06:15
726.0,0.0,-1.75,14324.650597873264,13180.0,21.375,2.0,Jun 17 2019,21:06:15
727.0,0.0,-1.7999999999999545,14324.650597873264,13180.0,21.375,2.0,Jun 17 2019,21:06:15
728.0,0.0,-1.7999999999999545,14324.650597873264,13200.0,21.375,2.0,Jun 17 2019,21:06:15
729.0,0.0,-1.699999999999818,14324.650597873264,13220.0,21.375,2.0,Jun 17 2019,21:06:15
730.0,0.0,-5.649999999999864,14324.650597873264,13230.0,21.375,2.0,Jun 17 2019,21:06:15
731.0,0.0,-27.149999999999864,14324.651338975695,13260.0,21.375,2.0,Jun 17 2019,21:06:15
732.0,0.0,-46.799999999999955,14324.65328016493,13260.0,21.375,2.0,Jun 17 2019,21:06:15
733.0,0.0,-32.09999999999991,14324.656111111111,13250.0,21.375,2.0,Jun 17 2019,21:06:15
734.0,0.0,-14.899999999999864,14324.659227430555,13240.0,21.375,2.0,Jun 17 2019,21:06:15
735.0,0.0,-3.199999999999818,14324.6623046875,13240.0,21.375,2.0,Jun 17 2019,21:06:15
736.0,0.0,-3.6499999999998636,14324.665220269097,13200.0,21.375,2.0,Jun 17 2019,21:06:15
737.0,0.0,-14.25,14324.667972005209,13140.0,21.375,2.0,Jun 17 2019,21:06:15
738.0,0.0,-33.19999999999982,14324.670925564236,13140.0,21.375,2.0,Jun 17 2019,21:06:15
739.0,0.0,-30.09999999999991,14324.67421657986,13140.0,21.375,2.0,Jun 17 2019,21:06:15
740.0,0.0,-36.25,14324.678097873264,13140.0,21.375,2.0,Jun 17 2019,21:06:15
741.0,0.0,-39.549999999999955,14324.682721354167,13140.0,21.375,2.0,Jun 17 2019,21:06:15
742.0,0.0,-22.59999999999991,14324.68775390625,13140.0,21.375,2.0,Jun 17 2019,21:06:15
743.0,0.0,-31.699999999999818,14324.69300889757,13130.0,21.375,2.0,Jun 17 2019,21:06:15
744.0,0.0,-29.399999999999864,14324.698500434028,13060.0,21.375,2.0,Jun 17 2019,21:06:15
745.0,0.0,-3.0,14324.704032118056,13030.0,21.375,2.0,Jun 17 2019,21:06:15
746.0,0.0,-3.0,14324.709425998264,13020.0,21.375,2.0,Jun 17 2019,21:06:15
747.0,0.0,-3.099999999999909,14324.714679904513,13020.0,21.375,2.0,Jun 17 2019,21:06:15
748.0,0.0,-3.0,14324.719790581597,13020.0,21.375,2.0,Jun 17 2019,21:06:15
749.0,0.0,-2.8999999999998636,14324.724772135416,13020.0,21.375,2.0,Jun 17 2019,21:06:15
750.0,0.0,-3.0,14324.729641927084,13010.0,21.375,2.0,Jun 17 2019,21:06:15
751.0,0.0,-16.799999999999955,14324.734496527777,13020.0,21.375,2.0,Jun 17 2019,21:06:15
752.0,0.0,-33.299999999999955,14324.739607204861,13070.0,21.375,2.0,Jun 17 2019,21:06:15
753.0,0.0,-28.549999999999955,14324.744997829861,13130.0,21.375,2.0,Jun 17 2019,21:06:15
754.0,0.0,-20.449999999999818,14324.750598958333,13190.0,21.375,2.0,Jun 17 2019,21:06:15
755.0,0.0,-5.099999999999909,14324.756201171875,13280.0,21.375,2.0,Jun 17 2019,21:06:15
756.0,0.0,-3.349999999999909,14324.761688368055,13340.0,21.375,2.0,Jun 17 2019,21:06:15
757.0,0.0,-13.699999999999818,14324.767098524306,13330.0,21.375,2.0,Jun 17 2019,21:06:15
758.0,0.0,-19.049999999999955,14324.77256076389,13260.0,21.375,2.0,Jun 17 2019,21:06:15
759.0,0.0,-26.399999999999864,14324.778197699652,13200.0,21.375,2.0,Jun 17 2019,21:06:15
760.0,0.0,-25.799999999999955,14324.783987630208,13150.0,21.375,2.0,Jun 17 2019,21:06:15
761.0,0.0,-26.84999999999991,14324.789956597222,13130.0,21.375,2.0,Jun 17 2019,21:06:15
762.0,0.0,-27.699999999999818,14324.796143663194,13120.0,21.375,2.0,Jun 17 2019,21:06:15
763.0,0.0,-32.049999999999955,14324.802587890625,13150.0,21.375,2.0,Jun 17 2019,21:06:15
764.0,0.0,-21.5,14324.80915798611,13160.0,21.375,2.0,Jun 17 2019,21:06:15
765.0,0.0,-12.449999999999818,14324.815787760417,13160.0,21.375,2.0,Jun 17 2019,21:06:15
766.0,0.0,-3.0,14324.822392578126,13120.0,21.375,2.0,Jun 17 2019,21:06:15
767.0,0.0,-3.099999999999909,14324.828912760417,13090.0,21.375,2.0,Jun 17 2019,21:06:15
768.0,0.0,-3.099999999999909,14324.835428602431,13070.0,21.375,2.0,Jun 17 2019,21:06:15
769.0,0.0,-7.099999999999909,14324.841982421874,13070.0,21.375,2.0,Jun 17 2019,21:06:15
770.0,0.0,-14.049999999999955,14324.848602430555,13070.0,21.375,2.0,Jun 17 2019,21:06:15
771.0,0.0,-9.799999999999955,14324.855316840278,13070.0,21.375,2.0,Jun 17 2019,21:06:15
772.0,0.0,-3.099999999999909,14324.861999782986,13050.0,21.375,2.0,Jun 17 2019,21:06:15
773.0,0.0,-3.0499999999999545,14324.868600260417,13050.0,21.375,2.0,Jun 17 2019,21:06:15
774.0,0.0,-3.099999999999909,14324.875131293404,13060.0,21.375,2.0,Jun 17 2019,21:06:15
775.0,0.0,-3.0,14324.881675347222,13050.0,21.375,2.0,Jun 17 2019,21:06:15
776.0,0.0,-3.1499999999998636,14324.88822157118,13060.0,21.375,2.0,Jun 17 2019,21:06:15
777.0,0.0,-3.1499999999998636,14324.894723307292,13080.0,21.375,2.0,Jun 17 2019,21:06:15
778.0,0.0,-3.1499999999998636,14324.90115234375,13080.0,21.375,2.0,Jun 17 2019,21:06:15
779.0,0.0,-3.25,14324.907507595486,13070.0,21.375,2.0,Jun 17 2019,21:06:15
780.0,0.0,-3.0499999999999545,14324.91380967882,13070.0,21.375,2.0,Jun 17 2019,21:06:15
781.0,0.0,-3.199999999999818,14324.920066189236,13060.0,21.375,2.0,Jun 17 2019,21:06:15
782.0,0.0,-3.1499999999998636,14324.92626953125,13070.0,21.375,2.0,Jun 17 2019,21:06:15
783.0,0.0,-3.0499999999999545,14324.932430555555,13110.0,21.375,2.0,Jun 17 2019,21:06:15
784.0,0.0,-3.099999999999909,14324.938562282987,13130.0,21.375,2.0,Jun 17 2019,21:06:15
785.0,0.0,-3.099999999999909,14324.944665798612,13130.0,21.375,2.0,Jun 17 2019,21:06:15
786.0,0.0,-3.099999999999909,14324.950755208334,13130.0,21.375,2.0,Jun 17 2019,21:06:15
787.0,0.0,-3.199999999999818,14324.95687391493,13110.0,21.375,2.0,Jun 17 2019,21:06:15
788.0,0.0,-3.1499999999998636,14324.963067491319,13090.0,21.375,2.0,Jun 17 2019,21:06:15
789.0,0.0,-3.099999999999909,14324.96931640625,13070.0,21.375,2.0,Jun 17 2019,21:06:15
790.0,0.0,-3.1499999999998636,14324.975596788194,13060.0,21.375,2.0,Jun 17 2019,21:06:15
791.0,0.0,-3.0499999999999545,14324.981929253472,13060.0,21.375,2.0,Jun 17 2019,21:06:15
792.0,0.0,-0.1999999999998181,14324.988271484375,13060.0,21.375,2.0,Jun 17 2019,21:06:15
793.0,0.0,4.0,14324.994615885416,13060.0,21.375,2.0,Jun 17 2019,21:06:15
794.0,0.0,4.050000000000182,14325.000894097222,13060.0,21.375,2.0,Jun 17 2019,21:06:15
795.0,0.0,3.900000000000091,14325.007114800348,13050.0,21.375,2.0,Jun 17 2019,21:06:15
796.0,0.0,3.800000000000182,14325.013273654515,13040.0,21.375,2.0,Jun 17 2019,21:06:15
797.0,0.0,11.550000000000182,14325.019338107639,13040.0,21.375,2.0,Jun 17 2019,21:06:15
798.0,0.0,28.0,14325.025149739584,13060.0,21.375,2.0,Jun 17 2019,21:06:15
799.0,0.0,36.05000000000018,14325.030461154514,13100.0,21.375,2.0,Jun 17 2019,21:06:15
800.0,0.0,44.0,14325.03517578125,13120.0,21.375,2.0,Jun 17 2019,21:06:15
801.0,0.0,48.25,14325.039037543404,13160.0,21.375,2.0,Jun 17 2019,21:06:15
802.0,0.0,36.65000000000009,14325.041773003471,13200.0,21.375,2.0,Jun 17 2019,21:06:15
803.0,0.0,11.5,14325.043549262153,13270.0,21.375,2.0,Jun 17 2019,21:06:15
804.0,0.0,-0.34999999999990905,14325.044771050347,13290.0,21.375,2.0,Jun 17 2019,21:06:15
805.0,0.0,-2.449999999999818,14325.045655381944,13260.0,21.375,2.0,Jun 17 2019,21:06:15
806.0,0.0,-2.25,14325.046465928819,13200.0,21.375,2.0,Jun 17 2019,21:06:15
807.0,0.0,-2.199999999999818,14325.046846788195,13140.0,21.375,2.0,Jun 17 2019,21:06:15
808.0,0.0,-2.349999999999909,14325.047019314236,13120.0,21.375,2.0,Jun 17 2019,21:06:15
809.0,0.0,-1.949999999999818,14325.047019314236,13090.0,21.375,2.0,Jun 17 2019,21:06:15
810.0,0.0,-1.949999999999818,14325.047019314236,13050.0,21.375,2.0,Jun 17 2019,21:06:15
811.0,0.0,-2.0499999999999545,14325.047019314236,13000.0,21.375,2.0,Jun 17 2019,21:06:15
812.0,0.0,-2.25,14325.047019314236,12960.0,21.375,2.0,Jun 17 2019,21:06:15
813.0,0.0,-2.0499999999999545,14325.047019314236,12950.0,21.375,2.0,Jun 17 2019,21:06:15
814.0,0.0,-2.0,14325.047019314236,12940.0,21.375,2.0,Jun 17 2019,21:06:15
815.0,0.0,-1.7999999999999545,14325.047019314236,12930.0,21.375,2.0,Jun 17 2019,21:06:15
816.0,0.0,-1.849999999999909,14325.047019314236,12930.0,21.375,2.0,Jun 17 2019,21:06:15
817.0,0.0,-4.449999999999818,14325.047019314236,12930.0,21.375,2.0,Jun 17 2019,21:06:15
818.0,0.0,-8.449999999999818,14325.047019314236,12930.0,21.375,2.0,Jun 17 2019,21:06:15
819.0,0.0,-21.299999999999955,14325.047854817709,12950.0,21.375,2.0,Jun 17 2019,21:06:15
820.0,0.0,-40.19999999999982,14325.049547526041,12940.0,21.375,2.0,Jun 17 2019,21:06:15
821.0,0.0,-38.149999999999864,14325.052055121529,12910.0,21.375,2.0,Jun 17 2019,21:06:15
822.0,0.0,-22.199999999999818,14325.054933810763,12870.0,21.375,2.0,Jun 17 2019,21:06:15
823.0,0.0,-39.549999999999955,14325.05819986979,12870.0,21.375,2.0,Jun 17 2019,21:06:15
824.0,0.0,-50.0,14325.062176649306,12870.0,21.375,2.0,Jun 17 2019,21:06:15
825.0,0.0,-34.19999999999982,14325.066762152777,12920.0,21.375,2.0,Jun 17 2019,21:06:15
826.0,0.0,-52.0,14325.071882595486,12990.0,21.375,2.0,Jun 17 2019,21:06:15
827.0,0.0,-26.84999999999991,14325.077430555555,13020.0,21.375,2.0,Jun 17 2019,21:06:15
828.0,0.0,-3.1499999999998636,14325.082954644096,13050.0,21.375,2.0,Jun 17 2019,21:06:15
829.0,0.0,-13.799999999999955,14325.088434244792,13120.0,21.375,2.0,Jun 17 2019,21:06:15
830.0,0.0,-11.5,14325.093919270834,13240.0,21.375,2.0,Jun 17 2019,21:06:15
831.0,0.0,-18.09999999999991,14325.09941297743,13370.0,21.375,2.0,Jun 17 2019,21:06:15
832.0,0.0,-34.149999999999864,14325.105090060764,13410.0,21.375,2.0,Jun 17 2019,21:06:15
833.0,0.0,-32.0,14325.11101779514,13460.0,21.375,2.0,Jun 17 2019,21:06:15
834.0,0.0,-27.149999999999864,14325.11707139757,13510.0,21.375,2.0,Jun 17 2019,21:06:15
835.0,0.0,-50.25,14325.123323567708,13570.0,21.375,2.0,Jun 17 2019,21:06:15
836.0,0.0,-46.049999999999955,14325.129775390626,13570.0,21.375,2.0,Jun 17 2019,21:06:15
837.0,0.0,-40.799999999999955,14325.13640625,13470.0,21.375,2.0,Jun 17 2019,21:06:15
838.0,0.0,-47.25,14325.143264973958,13370.0,21.375,2.0,Jun 17 2019,21:06:15
839.0,0.0,-40.75,14325.150284288195,13290.0,21.375,2.0,Jun 17 2019,21:06:15
840.0,0.0,-42.549999999999955,14325.157473958334,13220.0,21.375,2.0,Jun 17 2019,21:06:15
841.0,0.0,-18.84999999999991,14325.164731987847,13150.0,21.375,2.0,Jun 17 2019,21:06:15
842.0,0.0,-29.899999999999864,14325.172025824653,13100.0,21.375,2.0,Jun 17 2019,21:06:15
843.0,0.0,-19.199999999999818,14325.179308810764,13090.0,21.375,2.0,Jun 17 2019,21:06:15
844.0,0.0,-20.84999999999991,14325.186643880208,13110.0,21.375,2.0,Jun 17 2019,21:06:15
845.0,0.0,-26.5,14325.194058159723,13130.0,21.375,2.0,Jun 17 2019,21:06:15
846.0,0.0,-7.349999999999909,14325.201401909722,13120.0,21.375,2.0,Jun 17 2019,21:06:15
847.0,0.0,-20.25,14325.208644748263,13090.0,21.375,2.0,Jun 17 2019,21:06:15
848.0,0.0,-3.099999999999909,14325.21585828993,13080.0,21.375,2.0,Jun 17 2019,21:06:15
849.0,0.0,-7.5499999999999545,14325.222934027777,13060.0,21.375,2.0,Jun 17 2019,21:06:15
850.0,0.0,-3.0499999999999545,14325.229921875,13060.0,21.375,2.0,Jun 17 2019,21:06:15
851.0,0.0,-3.0,14325.236725260416,13050.0,21.375,2.0,Jun 17 2019,21:06:15
852.0,0.0,-3.0,14325.243400607638,13060.0,21.375,2.0,Jun 17 2019,21:06:15
853.0,0.0,-3.1499999999998636,14325.249884982639,13080.0,21.375,2.0,Jun 17 2019,21:06:15
854.0,0.0,-2.949999999999818,14325.256178385416,13070.0,21.375,2.0,Jun 17 2019,21:06:15
855.0,0.0,-2.949999999999818,14325.26222873264,13070.0,21.375,2.0,Jun 17 2019,21:06:15
856.0,0.0,-3.0,14325.268077256944,13050.0,21.375,2.0,Jun 17 2019,21:06:15
857.0,0.0,-3.2999999999999545,14325.27376844618,13000.0,21.375,2.0,Jun 17 2019,21:06:15
858.0,0.0,-3.0499999999999545,14325.279309895834,12920.0,21.375,2.0,Jun 17 2019,21:06:15
859.0,0.0,-3.449999999999818,14325.284768880209,12860.0,21.375,2.0,Jun 17 2019,21:06:15
860.0,0.0,-12.299999999999955,14325.290256076389,12860.0,21.375,2.0,Jun 17 2019,21:06:15
861.0,0.0,-3.0499999999999545,14325.29574110243,12920.0,21.375,2.0,Jun 17 2019,21:06:15
862.0,0.0,-4.0499999999999545,14325.30125,12990.0,21.375,2.0,Jun 17 2019,21:06:15
863.0,0.0,-8.699999999999818,14325.306817491319,13090.0,21.375,2.0,Jun 17 2019,21:06:15
864.0,0.0,-7.199999999999818,14325.312523871527,13240.0,21.375,2.0,Jun 17 2019,21:06:15
865.0,0.0,-3.6499999999998636,14325.31824110243,13310.0,21.375,2.0,Jun 17 2019,21:06:15
866.0,0.0,-3.199999999999818,14325.323968098959,13350.0,21.375,2.0,Jun 17 2019,21:06:15
867.0,0.0,-6.0,14325.329670138888,13390.0,21.375,2.0,Jun 17 2019,21:06:15
868.0,0.0,-6.5499999999999545,14325.335281032985,13380.0,21.375,2.0,Jun 17 2019,21:06:15
869.0,0.0,-14.949999999999818,14325.34097439236,13350.0,21.375,2.0,Jun 17 2019,21:06:15
870.0,0.0,-10.149999999999864,14325.346712239583,13350.0,21.375,2.0,Jun 17 2019,21:06:15
871.0,0.0,-7.949999999999818,14325.352464192709,13350.0,21.375,2.0,Jun 17 2019,21:06:15
872.0,0.0,-5.449999999999818,14325.358174913194,13350.0,21.375,2.0,Jun 17 2019,21:06:15
873.0,0.0,-4.149999999999864,14325.363812934027,13350.0,21.375,2.0,Jun 17 2019,21:06:15
874.0,0.0,-7.0,14325.369443359376,13350.0,21.375,2.0,Jun 17 2019,21:06:15
875.0,0.0,-6.25,14325.375017361112,13350.0,21.375,2.0,Jun 17 2019,21:06:15
876.0,0.0,-6.099999999999909,14325.380560980902,13350.0,21.375,2.0,Jun 17 2019,21:06:15
877.0,0.0,-6.149999999999864,14325.386090494792,13350.0,21.375,2.0,Jun 17 2019,21:06:15
878.0,0.0,-10.75,14325.391614583334,13350.0,21.375,2.0,Jun 17 2019,21:06:15
879.0,0.0,-8.099999999999909,14325.397141927084,13350.0,21.375,2.0,Jun 17 2019,21:06:15
880.0,0.0,-7.349999999999909,14325.402685546875,13350.0,21.375,2.0,Jun 17 2019,21:06:15
881.0,0.0,-16.25,14325.408203125,13350.0,21.375,2.0,Jun 17 2019,21:06:15
882.0,0.0,-13.699999999999818,14325.41380859375,13350.0,21.375,2.0,Jun 17 2019,21:06:15
883.0,0.0,-7.0499999999999545,14325.419444444444,13350.0,21.375,2.0,Jun 17 2019,21:06:15
884.0,0.0,-3.1499999999998636,14325.425026041667,13350.0,21.375,2.0,Jun 17 2019,21:06:15
885.0,0.0,-3.1499999999998636,14325.430597873265,13350.0,21.375,2.0,Jun 17 2019,21:06:15
886.0,0.0,-3.1499999999998636,14325.435990668402,13350.0,21.375,2.0,Jun 17 2019,21:06:15
887.0,0.0,-3.1499999999998636,14325.441321614584,13350.0,21.375,2.0,Jun 17 2019,21:06:15
888.0,0.0,-3.199999999999818,14325.446554904514,13350.0,21.375,2.0,Jun 17 2019,21:06:15
889.0,0.0,-3.1499999999998636,14325.451674262153,13350.0,21.375,2.0,Jun 17 2019,21:06:15
890.0,0.0,-3.1499999999998636,14325.456701388888,13350.0,21.375,2.0,Jun 17 2019,21:06:15
891.0,0.0,-2.949999999999818,14325.461663411459,13350.0,21.375,2.0,Jun 17 2019,21:06:15
892.0,0.0,-3.0,14325.466557074653,13340.0,21.375,2.0,Jun 17 2019,21:06:15
893.0,0.0,-3.0499999999999545,14325.47132921007,13350.0,21.375,2.0,Jun 17 2019,21:06:15
894.0,0.0,-3.099999999999909,14325.475965711805,13350.0,21.375,2.0,Jun 17 2019,21:06:15
895.0,0.0,-3.099999999999909,14325.480512152777,13350.0,21.375,2.0,Jun 17 2019,21:06:15
896.0,0.0,8.850000000000136,14325.484888237846,13350.0,21.375,2.0,Jun 17 2019,21:06:15
897.0,0.0,15.350000000000136,14325.488799913195,13350.0,21.375,2.0,Jun 17 2019,21:06:15
898.0,0.0,11.300000000000182,14325.49212890625,13350.0,21.375,2.0,Jun 17 2019,21:06:15
899.0,0.0,6.7000000000000455,14325.494858940972,13350.0,21.375,2.0,Jun 17 2019,21:06:15
900.0,0.0,-7.349999999999909,14325.497134331597,13350.0,21.375,2.0,Jun 17 2019,21:06:15
901.0,0.0,-19.09999999999991,14325.499278428819,13350.0,21.375,2.0,Jun 17 2019,21:06:15
902.0,0.0,-11.699999999999818,14325.501168619792,13350.0,21.375,2.0,Jun 17 2019,21:06:15
903.0,0.0,-23.299999999999955,14325.503015407987,13350.0,21.375,2.0,Jun 17 2019,21:06:15
904.0,0.0,-42.75,14325.505111762153,13350.0,21.375,2.0,Jun 17 2019,21:06:15
905.0,0.0,-37.09999999999991,14325.507649739584,13350.0,21.375,2.0,Jun 17 2019,21:06:15
906.0,0.0,-38.59999999999991,14325.510538194445,13350.0,21.375,2.0,Jun 17 2019,21:06:15
907.0,0.0,-43.25,14325.51386935764,13350.0,21.375,2.0,Jun 17 2019,21:06:15
908.0,0.0,-35.44999999999982,14325.517721354166,13350.0,21.375,2.0,Jun 17 2019,21:06:15
909.0,0.0,-17.899999999999864,14325.52199435764,13350.0,21.375,2.0,Jun 17 2019,21:06:15
910.0,0.0,-8.799999999999955,14325.526322699652,13350.0,21.375,2.0,Jun 17 2019,21:06:15
911.0,0.0,-10.899999999999864,14325.530653211805,13350.0,21.375,2.0,Jun 17 2019,21:06:15
912.0,0.0,-10.849999999999909,14325.534984809028,13350.0,21.375,2.0,Jun 17 2019,21:06:15
913.0,0.0,-3.050000000000324,14325.53927842882,13350.0,21.375,2.0,Jun 17 2019,21:06:15
914.0,0.0,-3.0499999999999545,14325.543500434027,13350.0,21.375,2.0,Jun 17 2019,21:06:15
915.0,0.0,-3.1499999999998067,14325.547692057291,13350.0,21.375,2.0,Jun 17 2019,21:06:15
916.0,0.0,-2.999999999999943,14325.551860894097,13350.0,21.375,2.0,Jun 17 2019,21:06:15
917.0,0.0,-3.0999999999998806,14325.556087239584,13350.0,21.375,2.0,Jun 17 2019,21:06:15
918.0,0.0,12.94999999999962,14325.560240885417,13350.0,21.375,2.0,Jun 17 2019,21:06:15
919.0,0.0,1.0500000000002956,14325.564147135417,13350.0,21.375,2.0,Jun 17 2019,21:06:15
920.0,0.0,11.800000000000239,14325.567748480902,13350.0,21.375,2.0,Jun 17 2019,21:06:15
921.0,0.0,6.8000000000012335,14325.570939670139,13350.0,21.375,2.0,Jun 17 2019,21:06:15
922.0,0.0,16.24999999999909,14325.573658854166,13350.0,21.375,2.0,Jun 17 2019,21:06:15
923.0,0.0,-0.6999999999983118,14325.575785590278,13350.0,21.375,2.0,Jun 17 2019,21:06:15
924.0,0.0,-0.849999999999909,14325.577679036458,13350.0,21.375,2.0,Jun 17 2019,21:06:15
925.0,0.0,-0.849999999999909,14325.579372829861,13350.0,21.375,2.0,Jun 17 2019,21:06:15
926.0,0.0,-0.9000000000000057,14325.580799696181,13350.0,21.375,2.0,Jun 17 2019,21:06:15
927.0,0.0,-1.449999999999136,14325.581982421874,13350.0,21.375,2.0,Jun 17 2019,21:06:15
928.0,0.0,-2.549999999999983,14325.582784288194,13350.0,21.375,2.0,Jun 17 2019,21:06:15
929.0,0.0,-2.5499999999999545,14325.583178168403,13350.0,21.375,2.0,Jun 17 2019,21:06:15
930.0,0.0,-2.149999999999892,14325.583178168403,13350.0,21.375,2.0,Jun 17 2019,21:06:15
931.0,0.0,-2.2499999999999716,14325.583178168403,13350.0,21.375,2.0,Jun 17 2019,21:06:15
932.0,0.0,-2.30000000000004,14325.583178168403,13350.0,21.375,0.0,Jun 17 2019,21:06:15
933.0,0.0,-2.250000000000057,14325.583178168403,13350.0,21.375,0.0,Jun 17 2019,21:06:15
934.0,0.0,-2.099999999999909,14325.583178168403,13350.0,21.375,0.0,Jun 17 2019,21:06:15
935.0,0.0,-1.949999999999875,14325.583178168403,13350.0,21.375,0.0,Jun 17 2019,21:06:15
936.0,0.0,-1.9499999999997613,14325.583178168403,13350.0,21.375,0.0,Jun 17 2019,21:06:15
937.0,0.0,-1.849999999999909,,13350.0,21.375,0.0,Jun 17 2019,21:06:15
938.0,0.0,0.0,,13350.0,21.375,0.0,Jun 17 2019,21:06:15
939.0,0.0,0.0,,13350.0,21.375,0.0,Jun 17 2019,21:06:15
940.0,0.0,0.0,,13350.0,21.375,0.0,Jun 17 2019,21:06:15
941.0,0.0,0.0,,13350.0,21.375,0.0,Jun 17 2019,21:06:15
942.0,0.0,0.0,,13350.0,21.375,0.0,Jun 17 2019,21:06:15
943.0,0.0,0.0,,13350.0,21.375,0.0,Jun 17 2019,21:06:15
944.0,0.0,0.0,,13350.0,21.375,,Jun 17 2019,21:06:15
945.0,0.0,0.0,,13350.0,21.375,,Jun 17 2019,21:06:15
946.0,0.0,0.0,,13350.0,21.375,,Jun 17 2019,21:06:15
947.0,0.0,0.0,,13350.0,21.375,,Jun 17 2019,21:06:15
948.0,0.0,0.0,,13350.0,21.375,,Jun 17 2019,21:06:15
949.0,0.0,0.0,,13350.0,21.375,,Jun 17 2019,21:06:15
950.0,0.0,0.0,,13350.0,21.375,,Jun 17 2019,21:06:15
951.0,0.0,0.0,,13350.0,21.375,,Jun 17 2019,21:06:15
952.0,0.0,0.0,,13350.0,21.375,,Jun 17 2019,21:06:15
953.0,0.0,0.0,,13350.0,21.375,,Jun 17 2019,21:06:15
954.0,0.0,0.0,,13350.0,21.375,,Jun 17 2019,21:06:15
955.0,0.0,0.0,,13350.0,21.375,,Jun 17 2019,21:06:15
956.0,0.0,0.0,,13350.0,21.375,,Jun 17 2019,21:06:15
957.0,0.0,0.0,,13350.0,21.375,,Jun 17 2019,21:06:15
958.0,0.0,0.0,,13350.0,21.375,,Jun 17 2019,21:06:15
959.0,0.0,0.0,,13350.0,21.375,,Jun 17 2019,21:06:15
960.0,0.0,0.0,,13350.0,21.375,,Jun 17 2019,21:06:15
961.0,0.0,0.0,,13350.0,21.375,,Jun 17 2019,21:06:15
962.0,0.0,0.0,,13350.0,21.375,,Jun 17 2019,21:06:15
963.0,0.0,0.0,,13350.0,21.375,,Jun 17 2019,21:06:15
964.0,0.0,0.0,,13350.0,21.375,,Jun 17 2019,21:06:15
965.0,0.0,0.0,,13350.0,21.375,,Jun 17 2019,21:06:15
966.0,0.0,0.0,,13350.0,21.375,,Jun 17 2019,21:06:15
967.0,0.0,0.0,,13350.0,21.375,,Jun 17 2019,21:06:15
968.0,0.0,0.0,,13350.0,21.375,,Jun 17 2019,21:06:15
969.0,0.0,0.0,,13350.0,21.375,,Jun 17 2019,21:06:15
970.0,0.0,0.0,,13350.0,21.375,,Jun 17 2019,21:06:15
971.0,0.0,0.0,,13350.0,21.375,,Jun 17 2019,21:06:15
972.0,0.0,0.0,,13350.0,21.375,,Jun 17 2019,21:06:15
973.0,0.0,0.0,,13350.0,21.375,,Jun 17 2019,21:06:15
974.0,0.0,0.0,,13350.0,21.375,,Jun 17 2019,21:06:15
975.0,0.0,0.0,,13350.0,21.375,,Jun 17 2019,21:06:15
976.0,0.0,0.0,,13350.0,21.375,,Jun 17 2019,21:06:15
977.0,0.0,0.0,,13350.0,21.375,,Jun 17 2019,21:06:15
978.0,0.0,0.0,,13350.0,21.375,,Jun 17 2019,21:06:15
979.0,0.0,0.0,,13350.0,21.375,,Jun 17 2019,21:06:15
980.0,0.0,0.0,,13350.0,21.375,,Jun 17 2019,21:06:15
981.0,0.0,0.0,,13350.0,21.375,,Jun 17 2019,21:06:15
982.0,0.0,0.0,,13350.0,21.375,,Jun 17 2019,21:06:15
983.0,0.0,0.0,,13350.0,21.375,,Jun 17 2019,21:06:15
984.0,0.0,0.0,,13350.0,21.375,,Jun 17 2019,21:06:15
985.0,0.0,0.0,,13350.0,21.375,,Jun 17 2019,21:06:15
986.0,0.0,0.0,,13350.0,21.375,,Jun 17 2019,21:06:15
987.0,0.0,0.0,,13350.0,21.375,,Jun 17 2019,21:06:15
988.0,0.0,0.0,,13350.0,21.375,,Jun 17 2019,21:06:15
989.0,0.0,0.0,,13350.0,21.375,,Jun 17 2019,21:06:15
990.0,0.0,0.0,,13350.0,21.375,,Jun 17 2019,21:06:15
991.0,0.0,0.0,,13350.0,21.375,,Jun 17 2019,21:06:15
992.0,0.0,0.0,,13350.0,21.375,,Jun 17 2019,21:06:15
993.0,0.0,0.0,,13350.0,21.375,,Jun 17 2019,21:06:15
994.0,0.0,0.0,,13350.0,21.375,,Jun 17 2019,21:06:15
995.0,0.0,0.0,,13350.0,21.375,,Jun 17 2019,21:06:15
996.0,0.0,0.0,,13350.0,21.375,,Jun 17 2019,21:06:15
997.0,0.0,0.0,,13350.0,21.375,,Jun 17 2019,21:06:15
998.0,0.0,0.0,,13350.0,21.375,,Jun 17 2019,21:06:15
999.0,0.0,0.0,,13350.0,21.375,,Jun 17 2019,21:06:15
1000.0,0.0,0.0,,13350.0,21.375,,Jun 17 2019,21:06:15
1001.0,0.0,0.0,,13350.0,21.375,,Jun 17 2019,21:06:15
1002.0,0.0,0.0,,13350.0,21.375,,Jun 17 2019,21:06:15
1003.0,0.0,0.0,,13350.0,21.375,,Jun 17 2019,21:06:15
1004.0,0.0,0.0,,13350.0,21.375,,Jun 17 2019,21:06:15
1005.0,0.0,0.0,,13350.0,21.375,,Jun 17 2019,21:06:15
1006.0,0.0,0.0,,13350.0,21.375,,Jun 17 2019,21:06:15
1007.0,0.0,0.0,,13350.0,21.375,,Jun 17 2019,21:06:15
1008.0,0.0,0.0,,13350.0,21.375,,Jun 17 2019,21:06:15
1009.0,0.0,0.0,,13350.0,21.375,,Jun 17 2019,21:06:15
1010.0,0.0,0.0,,13350.0,21.375,,Jun 17 2019,21:06:15
1011.0,0.0,0.0,,13350.0,21.375,,Jun 17 2019,21:06:15
1012.0,0.0,0.0,,13350.0,21.375,,Jun 17 2019,21:06:15
1013.0,0.0,0.0,,13350.0,21.375,,Jun 17 2019,21:06:15
1014.0,0.0,0.0,,13350.0,21.375,,Jun 17 2019,21:06:15
1015.0,0.0,0.0,,13350.0,21.375,,Jun 17 2019,21:06:15
1016.0,0.0,0.0,,13350.0,21.375,,Jun 17 2019,21:06:15
1017.0,0.0,0.0,,13350.0,21.375,,Jun 17 2019,21:06:15
1018.0,0.0,0.0,,13350.0,21.375,,Jun 17 2019,21:06:15
1019.0,0.0,0.0,,13350.0,21.375,,Jun 17 2019,21:06:15
1020.0,0.0,0.0,,13350.0,21.375,,Jun 17 2019,21:06:15
1021.0,0.0,0.0,,13350.0,21.375,,Jun 17 2019,21:06:15
1022.0,0.0,0.0,,13350.0,21.375,,Jun 17 2019,21:06:15
1023.0,0.0,0.0,,13350.0,21.375,,Jun 17 2019,21:06:15
1024.0,0.0,0.0,,13350.0,21.375,,Jun 17 2019,21:06:15
1025.0,0.0,0.0,,13350.0,21.375,,Jun 17 2019,21:06:15
1026.0,0.0,0.0,,13350.0,21.375,,Jun 17 2019,21:06:15
1027.0,0.0,0.0,,13350.0,21.375,,Jun 17 2019,21:06:15
1028.0,0.0,0.0,,13350.0,21.375,,Jun 17 2019,21:06:15
1029.0,0.0,0.0,,13350.0,21.375,,Jun 17 2019,21:06:15
1030.0,0.0,0.0,,13350.0,21.375,,Jun 17 2019,21:06:15
1031.0,0.0,0.0,,13350.0,21.375,,Jun 17 2019,21:06:15
1032.0,0.0,0.0,,13350.0,21.375,,Jun 17 2019,21:06:15
1033.0,0.0,0.0,,13350.0,21.375,,Jun 17 2019,21:06:15
1034.0,0.0,0.0,,13350.0,21.375,,Jun 17 2019,21:06:15
1035.0,0.0,0.0,,13350.0,21.375,,Jun 17 2019,21:06:15
1036.0,0.0,0.0,,13350.0,21.375,,Jun 17 2019,21:06:15
1037.0,0.0,0.0,,13350.0,21.375,,Jun 17 2019,21:06:15
1038.0,0.0,0.0,,13350.0,21.375,,Jun 17 2019,21:06:15
1039.0,0.0,0.0,,13350.0,21.375,,Jun 17 2019,21:06:15
1040.0,0.0,0.0,,13350.0,21.375,,Jun 17 2019,21:06:15
1041.0,0.0,0.0,,13350.0,21.375,,Jun 17 2019,21:06:15
1042.0,0.0,0.0,,13350.0,21.375,,Jun 17 2019,21:06:15
1043.0,0.0,0.0,,13350.0,21.375,,Jun 17 2019,21:06:15
1044.0,0.0,0.0,,13350.0,21.375,,Jun 17 2019,21:06:15
1045.0,0.0,0.0,,13350.0,21.375,,Jun 17 2019,21:06:15
1046.0,0.0,0.0,,13350.0,21.375,,Jun 17 2019,21:06:15
1047.0,0.0,0.0,,13350.0,21.375,,Jun 17 2019,21:06:15
1048.0,0.0,0.0,,13350.0,21.375,,Jun 17 2019,21:06:15
1049.0,0.0,0.0,,13350.0,21.375,,Jun 17 2019,21:06:15
1050.0,0.0,0.0,,13350.0,21.375,,Jun 17 2019,21:06:15
1051.0,0.0,0.0,,13350.0,21.375,,Jun 17 2019,21:06:15
1052.0,0.0,0.0,,13350.0,21.375,,Jun 17 2019,21:06:15
1053.0,0.0,0.0,,13350.0,21.375,,Jun 17 2019,21:06:15
1054.0,0.0,0.0,,13350.0,21.375,,Jun 17 2019,21:06:15
1055.0,0.0,0.0,,13350.0,21.375,,Jun 17 2019,21:06:15
1056.0,0.0,0.0,,13350.0,21.375,,Jun 17 2019,21:06:15
1057.0,0.0,0.0,,13350.0,21.375,,Jun 17 2019,21:06:15
1058.0,0.0,0.0,,13350.0,21.375,,Jun 17 2019,21:06:15
1059.0,0.0,0.0,,13350.0,21.375,,Jun 17 2019,21:06:15
1060.0,0.0,0.0,,13350.0,21.375,,Jun 17 2019,21:06:15
1061.0,0.0,0.0,,13350.0,21.375,,Jun 17 2019,21:06:15
1062.0,0.0,0.0,,13350.0,21.375,,Jun 17 2019,21:06:15
1063.0,0.0,0.0,,13350.0,21.375,,Jun 17 2019,21:06:15
1064.0,0.0,0.0,,13350.0,21.375,,Jun 17 2019,21:06:15
1065.0,0.0,0.0,,13350.0,21.375,,Jun 17 2019,21:06:15
1066.0,0.0,0.0,,13350.0,21.375,,Jun 17 2019,21:06:15
1067.0,0.0,0.0,,13350.0,21.375,,Jun 17 2019,21:06:15
1068.0,0.0,0.0,,13350.0,21.375,,Jun 17 2019,21:06:15
1069.0,0.0,0.0,,13350.0,21.375,,Jun 17 2019,21:06:15
1070.0,0.0,0.0,,13350.0,21.375,,Jun 17 2019,21:06:15
1071.0,0.0,0.0,,13350.0,21.375,,Jun 17 2019,21:06:15
1072.0,0.0,0.0,,13350.0,21.375,,Jun 17 2019,21:06:15
1073.0,0.0,0.0,,13350.0,21.375,,Jun 17 2019,21:06:15
1074.0,0.0,0.0,,13350.0,21.375,,Jun 17 2019,21:06:15
1075.0,0.0,0.0,,13350.0,21.375,,Jun 17 2019,21:06:15
1076.0,0.0,0.0,,13350.0,21.375,,Jun 17 2019,21:06:15
1077.0,0.0,0.0,,13350.0,21.375,,Jun 17 2019,21:06:15
1078.0,0.0,0.0,,13350.0,21.375,,Jun 17 2019,21:06:15
1079.0,0.0,0.0,,13350.0,21.375,,Jun 17 2019,21:06:15
1080.0,0.0,0.0,,13350.0,21.375,,Jun 17 2019,21:06:15
1081.0,0.0,0.0,,13350.0,21.375,,Jun 17 2019,21:06:15
1082.0,0.0,0.0,,13350.0,21.375,,Jun 17 2019,21:06:15
1083.0,0.0,0.0,,13350.0,21.375,,Jun 17 2019,21:06:15
1084.0,0.0,0.0,,13350.0,21.375,,Jun 17 2019,21:06:15
1085.0,0.0,0.0,,13350.0,21.375,,Jun 17 2019,21:06:15
1086.0,0.0,0.0,,13350.0,21.375,,Jun 17 2019,21:06:15
1087.0,0.0,0.0,,13350.0,21.375,,Jun 17 2019,21:06:15
1088.0,0.0,0.0,,13350.0,21.375,,Jun 17 2019,21:06:15
1089.0,0.0,0.0,,13350.0,21.375,,Jun 17 2019,21:06:15
1090.0,0.0,0.0,,13350.0,21.375,,Jun 17 2019,21:06:15
1091.0,0.0,0.0,,13350.0,21.375,,Jun 17 2019,21:06:15
1092.0,0.0,0.0,,13350.0,21.375,,Jun 17 2019,21:06:15
1093.0,0.0,0.0,,13350.0,21.375,,Jun 17 2019,21:06:15
1094.0,0.0,0.0,,13350.0,21.375,,Jun 17 2019,21:06:15
1095.0,0.0,0.0,,13350.0,21.375,,Jun 17 2019,21:06:15
1096.0,0.0,0.0,,13350.0,21.375,,Jun 17 2019,21:06:15
1097.0,0.0,0.0,,13350.0,21.375,,Jun 17 2019,21:06:15
1098.0,0.0,0.0,,13350.0,21.375,,Jun 17 2019,21:06:15
1099.0,0.0,0.0,,13350.0,21.375,,Jun 17 2019,21:06:15
1100.0,0.0,0.0,,13350.0,21.375,,Jun 17 2019,21:06:15
1101.0,0.0,0.0,,13350.0,21.375,,Jun 17 2019,21:06:15
1102.0,0.0,0.0,,13350.0,21.375,,Jun 17 2019,21:06:15
1103.0,0.0,0.0,,13350.0,21.375,,Jun 17 2019,21:06:15
1104.0,0.0,0.0,,13350.0,21.375,,Jun 17 2019,21:06:15
1105.0,0.0,0.0,,13350.0,21.375,,Jun 17 2019,21:06:15
1106.0,0.0,0.0,,13350.0,21.375,,Jun 17 2019,21:06:15
1107.0,0.0,0.0,,13350.0,21.375,,Jun 17 2019,21:06:15
1108.0,0.0,0.0,,13350.0,21.375,,Jun 17 2019,21:06:15
1109.0,0.0,0.0,,13350.0,21.375,,Jun 17 2019,21:06:15
1110.0,0.0,0.0,,13350.0,21.375,0.0,Jun 17 2019,21:06:15
1111.0,0.0,0.0,,13350.0,21.375,2.0,Jun 17 2019,21:06:15
1112.0,0.0,0.0,,13350.0,21.375,2.0,Jun 17 2019,21:06:15
1113.0,0.0,0.0,,13350.0,21.375,2.0,Jun 17 2019,21:06:15
1114.0,0.0,0.0,,13350.0,21.375,2.0,Jun 17 2019,21:06:15
1115.0,0.0,0.0,,13350.0,21.375,2.0,Jun 17 2019,21:06:15
1116.0,0.0,0.0,,13350.0,21.375,,Jun 17 2019,21:06:15
1117.0,0.0,0.0,,13350.0,21.375,,Jun 17 2019,21:06:15
1118.0,0.0,0.0,,13350.0,21.375,,Jun 17 2019,21:06:15
1119.0,0.0,0.0,,13350.0,21.375,,Jun 17 2019,21:06:15
1120.0,0.0,0.0,,13350.0,21.375,,Jun 17 2019,21:06:15
1121.0,0.0,0.0,,13350.0,21.375,,Jun 17 2019,21:06:15
1122.0,0.0,0.0,,13350.0,21.375,,Jun 17 2019,21:06:15
1123.0,0.0,0.0,,13350.0,21.375,,Jun 17 2019,21:06:15
1124.0,0.0,0.0,,13350.0,21.375,,Jun 17 2019,21:06:15
1125.0,0.0,0.0,,13350.0,21.375,,Jun 17 2019,21:06:15
1126.0,0.0,0.0,,13350.0,21.375,,Jun 17 2019,21:06:15
1127.0,0.0,0.0,,13350.0,21.375,,Jun 17 2019,21:06:15
1128.0,0.0,0.0,,13350.0,21.375,,Jun 17 2019,21:06:15
1129.0,0.0,0.0,,13350.0,21.375,,Jun 17 2019,21:06:15
1130.0,0.0,0.0,,13350.0,21.375,,Jun 17 2019,21:06:15
1131.0,0.0,0.0,,13350.0,21.375,,Jun 17 2019,21:06:15
1132.0,0.0,0.0,,13350.0,21.375,,Jun 17 2019,21:06:15
1133.0,0.0,0.0,,13350.0,21.375,,Jun 17 2019,21:06:15
1134.0,0.0,0.0,,13350.0,21.375,,Jun 17 2019,21:06:15
1135.0,0.0,0.0,,13350.0,21.375,,Jun 17 2019,21:06:15
1136.0,0.0,0.0,,13350.0,21.375,,Jun 17 2019,21:06:15
1137.0,0.0,0.0,,13350.0,21.375,,Jun 17 2019,21:06:15
1138.0,0.0,0.0,,13350.0,21.375,,Jun 17 2019,21:06:15
1139.0,0.0,0.0,,13350.0,21.375,,Jun 17 2019,21:06:15
1140.0,0.0,0.0,,13350.0,21.375,,Jun 17 2019,21:06:15
1141.0,0.0,0.0,,13350.0,21.375,,Jun 17 2019,21:06:15
1142.0,0.0,0.0,,13350.0,21.375,,Jun 17 2019,21:06:15
1143.0,0.0,0.0,,13350.0,21.375,,Jun 17 2019,21:06:15
1144.0,0.0,0.0,,13350.0,21.375,,Jun 17 2019,21:06:15
1145.0,0.0,0.0,,13350.0,21.375,,Jun 17 2019,21:06:15
1146.0,0.0,0.0,,13350.0,21.375,,Jun 17 2019,21:06:15
1147.0,0.0,0.0,,13350.0,21.375,,Jun 17 2019,21:06:15
1148.0,0.0,0.0,,13350.0,21.375,,Jun 17 2019,21:06:15
1149.0,0.0,0.0,,13350.0,21.375,,Jun 17 2019,21:06:15
1150.0,0.0,0.0,,13350.0,21.375,,Jun 17 2019,21:06:15
1151.0,0.0,0.0,,13350.0,21.375,,Jun 17 2019,21:06:15
1152.0,0.0,0.0,,13350.0,21.375,,Jun 17 2019,21:06:15
1153.0,0.0,0.0,,13350.0,21.375,,Jun 17 2019,21:06:15
1154.0,0.0,0.0,,13350.0,21.375,,Jun 17 2019,21:06:15
1155.0,0.0,0.0,,13350.0,21.375,,Jun 17 2019,21:06:15
1156.0,0.0,0.0,,13350.0,21.375,,Jun 17 2019,21:06:15
1157.0,0.0,0.0,,13350.0,21.375,,Jun 17 2019,21:06:15
1158.0,0.0,0.0,,13350.0,21.375,,Jun 17 2019,21:06:15
1159.0,0.0,0.0,,13350.0,21.375,,Jun 17 2019,21:06:15
1160.0,0.0,0.0,,13350.0,21.375,,Jun 17 2019,21:06:15
1161.0,0.0,0.0,,13350.0,21.375,,Jun 17 2019,21:06:15
1162.0,0.0,0.0,,13350.0,21.375,,Jun 17 2019,21:06:15
1163.0,0.0,0.0,,13350.0,21.375,,Jun 17 2019,21:06:15
1164.0,0.0,0.0,,13350.0,21.375,,Jun 17 2019,21:06:15
1165.0,0.0,0.0,,13350.0,21.375,,Jun 17 2019,21:06:15
1166.0,0.0,0.0,,13350.0,21.375,,Jun 17 2019,21:06:15
1167.0,0.0,0.0,,13350.0,21.375,,Jun 17 2019,21:06:15
1168.0,0.0,0.0,,13350.0,21.375,,Jun 17 2019,21:06:15
1169.0,0.0,0.0,,13350.0,21.375,,Jun 17 2019,21:06:15
1170.0,0.0,0.0,,13350.0,21.375,,Jun 17 2019,21:06:15
1171.0,0.0,0.0,,13350.0,21.375,,Jun 17 2019,21:06:15
1172.0,0.0,0.0,,13350.0,21.375,,Jun 17 2019,21:06:15
1173.0,0.0,0.0,,13350.0,21.375,,Jun 17 2019,21:06:15
1174.0,0.0,0.0,,13350.0,21.375,,Jun 17 2019,21:06:15
1175.0,0.0,0.0,,13350.0,21.375,,Jun 17 2019,21:06:15
1176.0,0.0,0.0,,13350.0,21.375,,Jun 17 2019,21:06:15
1177.0,0.0,0.0,,13350.0,21.375,,Jun 17 2019,21:06:15
1178.0,0.0,0.0,,13350.0,21.375,,Jun 17 2019,21:06:15
1179.0,0.0,0.0,,13350.0,21.375,,Jun 17 2019,21:06:15
1180.0,0.0,0.0,,13350.0,21.375,,Jun 17 2019,21:06:15
1181.0,0.0,0.0,,13350.0,21.375,,Jun 17 2019,21:06:15
1182.0,0.0,0.0,,13350.0,21.375,,Jun 17 2019,21:06:15
1183.0,0.0,0.0,,13350.0,21.375,,Jun 17 2019,21:06:15
1184.0,0.0,0.0,,13350.0,21.375,,Jun 17 2019,21:06:15
1185.0,0.0,0.0,,13350.0,21.375,,Jun 17 2019,21:06:15
1186.0,0.0,0.0,,13350.0,21.375,,Jun 17 2019,21:06:15
1187.0,0.0,0.0,,13350.0,21.375,,Jun 17 2019,21:06:15
1188.0,0.0,0.0,,13350.0,21.375,,Jun 17 2019,21:06:15
1189.0,0.0,0.0,,13350.0,21.375,,Jun 17 2019,21:06:15
1190.0,0.0,0.0,,13350.0,21.375,,Jun 17 2019,21:06:15
1191.0,0.0,0.0,,13350.0,21.375,,Jun 17 2019,21:06:15
1192.0,0.0,0.0,,13350.0,21.375,,Jun 17 2019,21:06:15
1193.0,0.0,0.0,,13350.0,21.375,,Jun 17 2019,21:06:15
1194.0,0.0,0.0,,13350.0,21.375,,Jun 17 2019,21:06:15
1195.0,0.0,0.0,,13350.0,21.375,,Jun 17 2019,21:06:15
1196.0,0.0,0.0,,13350.0,21.375,,Jun 17 2019,21:06:15
1197.0,0.0,0.0,,13350.0,21.375,,Jun 17 2019,21:06:15
1198.0,0.0,0.0,,13350.0,21.375,,Jun 17 2019,21:06:15
1199.0,0.0,0.0,,13350.0,21.375,,Jun 17 2019,21:06:15
1200.0,0.0,0.0,,13350.0,21.375,,Jun 17 2019,21:06:15
1201.0,0.0,0.0,,13350.0,21.375,,Jun 17 2019,21:06:15
1202.0,0.0,0.0,,13350.0,21.375,,Jun 17 2019,21:06:15
1203.0,0.0,0.0,,13350.0,21.375,,Jun 17 2019,21:06:15
1204.0,0.0,0.0,,13350.0,21.375,,Jun 17 2019,21:06:15
1205.0,0.0,0.0,,13350.0,21.375,,Jun 17 2019,21:06:15
1206.0,0.0,0.0,,13350.0,21.375,,Jun 17 2019,21:06:15
1207.0,0.0,0.0,,13350.0,21.375,,Jun 17 2019,21:06:15
1208.0,0.0,0.0,,13350.0,21.375,,Jun 17 2019,21:06:15
1209.0,0.0,0.0,,13350.0,21.375,,Jun 17 2019,21:06:15
1210.0,0.0,0.0,,13350.0,21.375,,Jun 17 2019,21:06:15
1211.0,0.0,0.0,,13350.0,21.375,,Jun 17 2019,21:06:15
1212.0,0.0,0.0,,13350.0,21.375,,Jun 17 2019,21:06:15
1213.0,0.0,0.0,,13350.0,21.375,,Jun 17 2019,21:06:15
1214.0,0.0,0.0,,13350.0,21.375,,Jun 17 2019,21:06:15
1215.0,0.0,0.0,,13350.0,21.375,,Jun 17 2019,21:06:15
1216.0,0.0,0.0,,13350.0,21.375,,Jun 17 2019,21:06:15
1217.0,0.0,0.0,,13350.0,21.375,,Jun 17 2019,21:06:15
1218.0,0.0,0.0,,13350.0,21.375,,Jun 17 2019,21:06:15
1219.0,0.0,0.0,,13350.0,21.375,,Jun 17 2019,21:06:15
1220.0,0.0,0.0,,13350.0,21.375,,Jun 17 2019,21:06:15
1221.0,0.0,0.0,,13350.0,21.375,,Jun 17 2019,21:06:15
1222.0,0.0,0.0,,13350.0,21.375,,Jun 17 2019,21:06:15
1223.0,0.0,0.0,,13350.0,21.375,,Jun 17 2019,21:06:15
1224.0,0.0,0.0,,13350.0,21.375,,Jun 17 2019,21:06:15
1225.0,0.0,0.0,,13350.0,21.375,,Jun 17 2019,21:06:15
1226.0,0.0,0.0,,13350.0,21.375,,Jun 17 2019,21:06:15
1227.0,0.0,0.0,,13350.0,21.375,,Jun 17 2019,21:06:15
1228.0,0.0,0.0,,13350.0,21.375,,Jun 17 2019,21:06:15
1229.0,0.0,0.0,,13350.0,21.375,,Jun 17 2019,21:06:15
1230.0,0.0,0.0,,13350.0,21.375,,Jun 17 2019,21:06:15
1231.0,0.0,0.0,,13350.0,21.375,,Jun 17 2019,21:06:15
1232.0,0.0,0.0,,13350.0,21.375,,Jun 17 2019,21:06:15
1233.0,0.0,0.0,,13350.0,21.375,,Jun 17 2019,21:06:15
1234.0,0.0,0.0,,13350.0,21.375,,Jun 17 2019,21:06:15
1235.0,0.0,0.0,,13350.0,21.375,,Jun 17 2019,21:06:15
1236.0,0.0,0.0,,13350.0,21.375,,Jun 17 2019,21:06:15
1237.0,0.0,0.0,,13350.0,21.375,,Jun 17 2019,21:06:15
1238.0,0.0,0.0,,13350.0,21.375,,Jun 17 2019,21:06:15
1239.0,0.0,0.0,,13350.0,21.375,,Jun 17 2019,21:06:15
1240.0,0.0,0.0,,13350.0,21.375,,Jun 17 2019,21:06:15
1241.0,0.0,0.0,,13350.0,21.375,,Jun 17 2019,21:06:15
1242.0,0.0,0.0,,13350.0,21.375,,Jun 17 2019,21:06:15
1243.0,0.0,0.0,,13350.0,21.375,,Jun 17 2019,21:06:15
1244.0,0.0,0.0,,13350.0,21.375,,Jun 17 2019,21:06:15
1245.0,0.0,0.0,,13350.0,21.375,,Jun 17 2019,21:06:15
1246.0,0.0,0.0,,13350.0,21.375,,Jun 17 2019,21:06:15
1247.0,0.0,0.0,,13350.0,21.375,,Jun 17 2019,21:06:15
1248.0,0.0,0.0,,13350.0,21.375,,Jun 17 2019,21:06:15
1249.0,0.0,0.0,,13350.0,21.375,,Jun 17 2019,21:06:15
1250.0,0.0,0.0,,13350.0,21.375,,Jun 17 2019,21:06:15
1251.0,0.0,0.0,,13350.0,21.375,,Jun 17 2019,21:06:15
1252.0,0.0,0.0,,13350.0,21.375,,Jun 17 2019,21:06:15
1253.0,0.0,0.0,,13350.0,21.375,,Jun 17 2019,21:06:15
1254.0,0.0,0.0,,13350.0,21.375,,Jun 17 2019,21:06:15
1255.0,0.0,0.0,,13350.0,21.375,,Jun 17 2019,21:06:15
1256.0,0.0,0.0,,13350.0,21.375,,Jun 17 2019,21:06:15
1257.0,0.0,0.0,,13350.0,21.375,,Jun 17 2019,21:06:15
1258.0,0.0,0.0,,13350.0,21.375,,Jun 17 2019,21:06:15
